KOR,MATH,GRADE
98,81,A
34,74,B
91,11,B
21,10,C
88,11,B
99,26,B
62,56,B
10,88,B
38,62,B
34,84,B
33,55,B
85,93,A
82,57,B
45,18,C
30,91,B
39,19,C
40,32,C
87,43,B
28,54,B
96,65,A
73,16,B
20,13,C
95,60,A
25,39,C
27,38,C
32,51,B
88,34,B
44,60,B
85,21,B
44,50,B
77,95,A
81,93,A
46,81,B
76,10,B
47,97,A
47,63,B
53,58,B
10,43,C
78,81,A
45,19,C
81,89,A
87,77,A
67,55,B
29,38,C
39,31,C
68,26,B
73,25,B
44,36,B
50,76,B
15,91,B
52,94,A
79,65,A
59,79,B
64,25,B
76,39,B
50,70,B
18,56,C
99,42,A
98,63,A
77,100,A
76,48,B
36,20,C
14,70,B
43,22,C
82,17,B
55,66,B
26,48,C
25,20,C
24,27,C
85,71,A
96,67,A
54,98,A
83,42,B
31,66,B
46,28,C
18,88,B
58,35,B
49,28,C
40,12,C
100,33,B
95,70,A
21,44,C
18,15,C
79,77,A
33,76,B
21,38,C
42,32,C
100,31,B
71,58,B
56,31,B
32,21,C
42,85,B
91,15,B
54,43,B
90,18,B
11,45,C
68,20,B
29,97,B
97,12,B
66,81,A
34,88,B
86,67,A
76,84,A
70,93,A
20,17,C
29,42,C
68,64,B
11,24,C
67,17,B
78,28,B
45,98,A
27,81,B
14,66,B
94,75,A
44,86,B
18,98,B
69,19,B
14,49,C
55,51,B
37,74,B
47,61,B
25,82,B
78,12,B
86,99,A
40,28,C
10,78,B
11,73,B
48,27,C
71,29,B
82,12,B
92,84,A
47,51,B
91,71,A
82,63,A
81,37,B
11,10,C
55,34,B
27,74,B
54,95,A
30,72,B
53,18,C
89,40,B
79,61,A
38,31,C
75,24,B
90,89,A
48,41,B
21,10,C
17,35,C
33,93,B
35,56,B
30,89,B
43,81,B
94,70,A
11,69,B
85,99,A
74,15,B
20,74,B
54,13,C
98,37,B
81,87,A
98,17,B
63,88,A
24,90,B
88,88,A
55,44,B
94,48,A
35,33,C
79,32,B
54,68,B
73,41,B
99,56,A
62,100,A
50,47,B
94,43,B
28,70,B
78,69,A
43,40,B
93,95,A
45,49,B
87,58,A
86,24,B
54,25,C
28,39,C
89,69,A
19,90,B
37,62,B
61,47,B
25,76,B
41,65,B
33,45,C
61,25,B
17,20,C
55,85,A
100,67,A
66,23,B
90,22,B
34,16,C
41,49,B
34,100,B
88,68,A
56,86,A
43,19,C
80,51,B
49,37,B
13,70,B
44,60,B
51,63,B
84,49,B
11,79,B
49,29,C
10,85,B
29,32,C
85,39,B
38,94,B
49,86,B
29,95,B
95,14,B
97,39,B
23,27,C
20,60,B
22,88,B
81,97,A
52,83,B
15,36,C
11,51,C
64,79,A
61,89,A
100,81,A
36,84,B
52,77,B
43,37,B
67,10,C
87,82,A
29,96,B
65,29,B
36,14,C
73,26,B
32,21,C
59,80,B
23,54,C
40,50,B
90,65,A
70,27,B
17,61,C
70,73,A
59,79,B
90,93,A
19,84,B
17,63,B
91,47,B
91,94,A
63,37,B
44,84,B
51,11,C
96,56,A
63,72,B
44,98,A
25,29,C
90,95,A
45,35,B
12,86,B
51,24,C
85,91,A
42,97,B
53,13,C
15,45,C
63,62,B
41,78,B
50,88,B
54,92,A
38,51,B
46,65,B
49,84,B
34,94,B
16,46,C
85,85,A
19,56,C
60,78,B
79,96,A
92,81,A
68,82,A
58,26,B
43,99,A
82,92,A
94,12,B
19,54,C
83,90,A
77,54,B
56,85,A
64,24,B
73,42,B
42,11,C
28,96,B
19,35,C
75,55,B
67,48,B
79,41,B
41,29,C
11,70,B
82,19,B
10,73,B
28,33,C
13,65,C
40,55,B
19,41,C
68,84,A
74,51,B
75,25,B
25,12,C
63,77,A
78,68,A
91,35,B
78,32,B
57,70,B
75,28,B
56,38,B
31,33,C
15,38,C
25,98,B
45,84,B
65,62,B
38,77,B
38,42,B
13,84,B
31,98,B
22,26,C
91,17,B
38,92,B
88,26,B
71,90,A
72,47,B
87,44,B
10,20,C
19,49,C
76,30,B
51,81,B
19,82,B
60,27,B
97,33,B
90,85,A
12,86,B
21,50,C
27,48,C
82,73,A
75,85,A
54,37,B
43,65,B
74,68,A
54,73,B
85,82,A
84,67,A
11,54,C
75,66,A
53,13,C
65,36,B
94,31,B
27,70,B
38,46,B
85,37,B
26,98,B
11,59,C
78,17,B
94,55,A
54,71,B
69,31,B
89,97,A
82,68,A
84,55,B
89,49,B
48,70,B
27,73,B
76,35,B
60,69,B
37,42,C
79,91,A
64,97,A
40,36,C
49,76,B
65,84,A
100,83,A
68,100,A
63,65,B
71,28,B
50,99,A
32,74,B
99,56,A
70,36,B
87,80,A
10,87,B
62,19,B
91,78,A
77,49,B
26,49,C
34,97,B
38,64,B
88,97,A
81,54,B
56,61,B
92,35,B
13,75,B
51,54,B
97,13,B
61,39,B
88,17,B
12,88,B
18,19,C
95,32,B
33,35,C
72,85,A
32,98,B
74,97,A
87,91,A
69,56,B
80,13,B
36,10,C
11,57,C
36,53,B
19,96,B
67,29,B
14,37,C
75,68,A
27,24,C
68,77,A
30,85,B
36,37,C
81,84,A
52,45,B
51,98,A
59,27,B
17,55,C
56,100,A
32,58,B
56,87,A
75,82,A
43,53,B
67,38,B
84,76,A
12,98,B
89,42,B
40,77,B
85,75,A
36,96,B
25,31,C
23,65,B
66,63,B
37,19,C
51,79,B
97,36,B
86,74,A
15,91,B
66,10,C
40,18,C
43,40,B
53,89,A
40,41,B
92,16,B
78,42,B
11,54,C
57,94,A
63,21,B
40,90,B
41,47,B
23,64,B
44,45,B
67,65,B
41,81,B
98,60,A
41,53,B
29,51,B
60,84,A
92,32,B
64,14,C
78,84,A
70,90,A
20,88,B
24,12,C
42,30,C
48,98,A
80,20,B
73,55,B
55,75,B
31,59,B
46,84,B
27,59,B
21,39,C
99,19,B
59,37,B
54,62,B
56,30,B
31,87,B
35,38,C
43,86,B
72,67,B
48,59,B
62,33,B
85,89,A
60,93,A
24,88,B
53,96,A
74,95,A
59,14,C
49,33,B
45,80,B
99,50,A
31,80,B
64,42,B
89,62,A
79,25,B
86,92,A
87,67,A
19,66,B
13,14,C
87,68,A
47,51,B
87,47,B
82,95,A
23,66,B
60,52,B
92,86,A
62,26,B
23,20,C
78,11,B
94,21,B
37,91,B
19,34,C
89,56,A
65,78,A
69,92,A
96,74,A
78,30,B
15,91,B
42,84,B
21,11,C
59,63,B
31,51,B
43,32,C
88,10,B
22,15,C
89,88,A
34,18,C
36,34,C
71,18,B
65,30,B
24,93,B
85,96,A
73,23,B
14,86,B
83,65,A
90,98,A
24,61,B
42,25,C
74,95,A
25,40,C
30,61,B
75,81,A
19,11,C
94,66,A
94,63,A
45,27,C
24,14,C
38,44,B
78,24,B
36,64,B
12,64,C
87,81,A
93,17,B
87,34,B
84,69,A
36,74,B
15,79,B
96,23,B
82,78,A
96,79,A
69,86,A
36,15,C
30,43,C
49,93,A
60,76,B
14,93,B
89,74,A
40,44,B
74,52,B
65,66,B
44,45,B
11,18,C
13,65,C
72,51,B
76,51,B
63,99,A
66,43,B
69,52,B
83,22,B
64,88,A
83,20,B
24,24,C
76,81,A
30,30,C
46,73,B
74,54,B
57,79,B
92,29,B
16,13,C
43,60,B
69,54,B
16,58,C
25,45,C
59,30,B
82,46,B
67,63,B
28,58,B
27,52,C
46,29,C
92,78,A
78,20,B
25,74,B
85,33,B
96,41,B
21,22,C
54,33,B
69,52,B
77,94,A
65,46,B
65,98,A
11,79,B
10,83,B
16,18,C
25,45,C
67,80,A
21,84,B
13,43,C
100,39,B
27,86,B
37,87,B
83,22,B
72,20,B
84,16,B
86,29,B
32,50,B
71,63,B
23,29,C
19,100,B
64,57,B
88,76,A
48,34,B
93,55,A
26,52,C
90,60,A
20,24,C
82,79,A
51,53,B
77,24,B
61,80,A
92,11,B
36,46,B
85,57,A
60,36,B
32,36,C
80,24,B
64,40,B
65,50,B
79,68,A
18,74,B
27,20,C
59,33,B
42,43,B
17,72,B
93,78,A
84,13,B
26,10,C
19,83,B
66,39,B
60,76,B
53,32,B
78,26,B
67,88,A
29,76,B
54,41,B
15,12,C
70,10,B
70,90,A
76,34,B
38,96,B
47,60,B
33,41,C
27,16,C
97,34,B
47,19,C
73,23,B
45,51,B
24,29,C
33,72,B
14,67,B
80,74,A
65,34,B
46,96,A
99,98,A
91,76,A
27,67,B
53,90,A
45,53,B
11,15,C
97,93,A
88,51,B
20,50,C
98,73,A
94,75,A
21,80,B
74,79,A
16,71,B
21,22,C
34,40,C
56,39,B
82,87,A
35,88,B
15,81,B
92,49,A
24,35,C
65,87,A
17,66,B
67,69,B
13,39,C
99,13,B
51,81,B
35,86,B
46,37,B
35,99,B
29,70,B
22,33,C
29,27,C
88,98,A
31,21,C
36,76,B
14,86,B
92,32,B
94,35,B
15,42,C
69,20,B
83,36,B
95,13,B
51,68,B
30,82,B
83,72,A
39,70,B
58,80,B
14,70,B
25,27,C
34,54,B
27,77,B
18,14,C
64,21,B
16,88,B
70,84,A
82,57,B
62,63,B
29,80,B
57,59,B
14,65,C
63,13,C
38,56,B
85,10,B
25,20,C
99,73,A
67,52,B
83,76,A
63,14,C
17,11,C
92,69,A
43,75,B
27,19,C
92,48,A
15,23,C
18,70,B
46,28,C
78,18,B
80,46,B
47,58,B
56,72,B
51,36,B
13,24,C
76,22,B
90,85,A
17,75,B
40,86,B
28,67,B
13,83,B
63,54,B
76,44,B
67,87,A
22,81,B
12,79,B
63,66,B
38,12,C
24,44,C
47,28,C
38,44,B
32,87,B
11,62,C
37,46,B
28,57,B
30,27,C
28,61,B
11,87,B
58,69,B
71,41,B
91,95,A
98,31,B
82,84,A
78,47,B
50,80,B
81,32,B
53,100,A
22,95,B
77,79,A
70,64,B
51,52,B
69,94,A
22,70,B
83,54,B
20,18,C
76,49,B
45,76,B
20,90,B
29,15,C
37,44,B
85,81,A
77,93,A
76,63,B
80,40,B
82,24,B
55,22,C
89,100,A
34,69,B
76,99,A
89,65,A
27,11,C
42,34,C
99,12,B
12,82,B
15,55,C
85,36,B
37,24,C
30,74,B
91,81,A
14,55,C
47,46,B
68,74,A
55,15,C
72,25,B
84,60,A
100,89,A
36,24,C
33,17,C
21,100,B
60,86,A
30,12,C
16,37,C
74,85,A
18,38,C
62,13,C
61,29,B
97,36,B
12,21,C
32,70,B
54,86,A
89,85,A
88,24,B
39,79,B
77,64,A
97,59,A
30,92,B
44,31,C
68,69,B
29,92,B
93,82,A
27,79,B
58,18,C
58,30,B
19,81,B
72,31,B
56,62,B
89,49,B
65,49,B
24,39,C
82,19,B
43,81,B
70,51,B
43,54,B
58,92,A
70,62,B
52,95,A
75,62,B
95,30,B
26,63,B
18,62,B
15,65,B
85,37,B
13,50,C
31,68,B
76,95,A
46,23,C
88,43,B
42,56,B
40,63,B
25,57,B
81,35,B
67,61,B
42,100,A
74,91,A
19,39,C
61,31,B
85,22,B
42,59,B
11,69,B
47,90,B
58,37,B
49,98,A
69,80,A
17,14,C
79,79,A
99,72,A
11,82,B
12,16,C
47,97,A
50,83,B
11,38,C
12,18,C
81,44,B
54,45,B
64,33,B
51,95,A
74,44,B
88,34,B
74,20,B
23,62,B
41,60,B
33,11,C
81,23,B
36,74,B
99,90,A
54,42,B
10,21,C
25,34,C
67,38,B
23,71,B
69,92,A
69,17,B
93,96,A
53,87,A
36,37,C
40,72,B
96,37,B
87,22,B
32,62,B
90,33,B
98,94,A
30,53,B
11,99,B
76,38,B
25,12,C
93,29,B
77,72,A
51,74,B
36,48,B
66,73,B
78,86,A
62,37,B
10,71,B
60,20,B
41,62,B
13,40,C
80,53,B
12,17,C
23,24,C
11,58,C
64,86,A
50,91,A
97,43,A
28,96,B
55,59,B
86,19,B
49,30,C
36,45,B
70,41,B
43,43,B
50,14,C
13,62,C
87,24,B
95,46,A
62,19,B
43,37,B
72,87,A
66,78,A
20,95,B
17,12,C
77,36,B
64,35,B
74,52,B
23,46,C
19,92,B
49,32,B
31,15,C
14,29,C
50,24,C
58,30,B
62,73,B
100,77,A
14,53,C
99,36,B
24,65,B
42,28,C
85,17,B
27,27,C
72,33,B
24,87,B
21,21,C
89,99,A
10,52,C
45,10,C
72,96,A
51,80,B
97,16,B
17,33,C
63,91,A
100,71,A
66,23,B
14,13,C
27,47,C
24,56,B
62,60,B
36,80,B
25,68,B
12,76,B
96,37,B
53,67,B
73,36,B
17,23,C
12,16,C
48,88,B
69,87,A
36,89,B
73,79,A
19,13,C
52,74,B
38,89,B
88,80,A
21,95,B
99,48,A
75,79,A
54,37,B
14,46,C
47,10,C
10,20,C
22,38,C
22,13,C
98,40,B
41,20,C
79,39,B
84,78,A
79,83,A
48,40,B
88,33,B
13,89,B
45,22,C
50,31,B
16,49,C
12,24,C
90,49,B
12,86,B
63,40,B
19,14,C
34,42,C
53,47,B
60,20,B
29,42,C
97,40,B
63,41,B
45,22,C
94,94,A
93,32,B
96,56,A
13,91,B
76,59,B
82,81,A
69,29,B
24,89,B
42,97,B
41,48,B
54,98,A
55,96,A
73,91,A
12,83,B
88,57,A
47,85,B
78,59,B
24,59,B
77,76,A
77,76,A
89,26,B
13,100,B
39,13,C
11,40,C
51,21,C
94,82,A
76,12,B
32,12,C
56,62,B
31,95,B
54,84,B
58,73,B
39,84,B
84,75,A
18,78,B
80,100,A
96,53,A
57,91,A
100,21,B
43,76,B
79,83,A
52,28,B
47,45,B
62,48,B
27,23,C
98,19,B
31,81,B
32,30,C
88,84,A
12,26,C
31,60,B
82,23,B
55,44,B
57,49,B
54,61,B
78,74,A
31,57,B
22,76,B
57,30,B
14,49,C
96,53,A
72,42,B
46,87,B
74,42,B
50,11,C
86,78,A
98,53,A
98,27,B
12,50,C
59,19,C
56,81,B
43,97,A
49,30,C
14,76,B
55,23,C
71,16,B
27,59,B
11,12,C
50,97,A
75,26,B
92,83,A
68,28,B
74,74,A
79,88,A
25,19,C
54,21,C
24,21,C
10,59,C
69,52,B
72,97,A
73,93,A
50,33,B
96,52,A
52,25,C
25,82,B
15,12,C
17,73,B
64,97,A
10,26,C
19,58,C
13,93,B
44,33,C
83,24,B
53,27,B
44,19,C
67,39,B
36,20,C
61,46,B
26,69,B
13,30,C
46,15,C
83,30,B
79,15,B
15,31,C
36,18,C
70,81,A
23,70,B
78,60,B
48,92,A
71,30,B
43,23,C
66,73,B
50,100,A
81,72,A
13,89,B
61,18,C
51,77,B
73,67,A
38,91,B
60,86,A
30,83,B
23,77,B
56,57,B
98,97,A
44,61,B
38,18,C
23,33,C
91,41,B
83,34,B
19,71,B
74,67,A
98,97,A
40,11,C
77,66,A
87,45,B
16,41,C
15,60,C
14,68,B
46,85,B
94,13,B
54,43,B
59,26,B
23,17,C
58,32,B
33,60,B
44,91,B
82,58,A
81,61,A
77,15,B
92,49,A
62,53,B
90,31,B
40,44,B
49,33,B
36,48,B
91,13,B
28,93,B
91,18,B
25,79,B
40,88,B
65,40,B
84,56,A
78,75,A
69,14,B
11,70,B
71,92,A
64,73,B
69,44,B
84,95,A
48,64,B
21,74,B
67,13,B
77,76,A
82,11,B
69,72,A
86,62,A
91,30,B
82,97,A
31,99,B
61,11,C
100,13,B
30,12,C
82,49,B
10,47,C
64,78,A
28,64,B
31,77,B
97,64,A
73,31,B
28,40,C
73,28,B
16,74,B
44,44,B
10,60,C
11,61,C
45,60,B
31,34,C
83,18,B
49,88,B
91,62,A
22,24,C
15,72,B
14,86,B
68,33,B
84,17,B
63,22,B
80,95,A
51,37,B
48,66,B
51,23,C
91,35,B
66,62,B
79,94,A
38,50,B
67,88,A
65,43,B
51,55,B
68,74,A
76,14,B
30,17,C
88,94,A
33,30,C
23,26,C
53,54,B
43,71,B
44,72,B
20,52,C
77,93,A
34,99,B
94,42,B
99,24,B
84,78,A
59,69,B
77,55,B
42,86,B
32,90,B
59,53,B
58,42,B
95,21,B
54,53,B
78,13,B
18,50,C
51,83,B
31,44,C
57,88,A
96,43,B
26,19,C
24,10,C
78,36,B
69,94,A
27,48,C
15,62,C
93,78,A
68,26,B
44,49,B
94,91,A
81,94,A
95,84,A
60,36,B
67,76,A
17,54,C
13,89,B
52,46,B
51,77,B
86,53,B
82,53,B
37,63,B
89,79,A
96,16,B
66,83,A
45,82,B
78,50,B
34,75,B
24,13,C
25,39,C
71,15,B
86,68,A
66,15,B
83,83,A
10,91,B
89,94,A
70,78,A
25,81,B
82,97,A
86,14,B
25,92,B
93,29,B
38,46,B
70,52,B
79,78,A
99,51,A
23,80,B
51,82,B
54,99,A
93,12,B
48,100,A
71,44,B
33,21,C
67,83,A
81,45,B
91,12,B
96,20,B
76,42,B
84,31,B
77,56,B
57,56,B
43,77,B
52,35,B
77,68,A
70,95,A
26,35,C
61,50,B
35,90,B
22,13,C
91,44,B
36,11,C
86,31,B
88,49,B
55,30,B
16,36,C
10,72,B
85,44,B
90,44,B
55,24,C
91,62,A
12,78,B
70,39,B
31,57,B
19,75,B
38,45,B
45,51,B
82,90,A
50,14,C
10,84,B
57,45,B
87,58,A
34,17,C
45,68,B
17,93,B
72,43,B
17,98,B
11,71,B
60,86,A
43,76,B
95,66,A
24,42,C
86,73,A
44,19,C
81,15,B
88,61,A
28,72,B
38,42,B
74,53,B
16,44,C
61,47,B
18,95,B
47,15,C
43,50,B
83,37,B
50,27,C
90,60,A
36,60,B
21,74,B
50,72,B
81,70,A
50,62,B
22,78,B
74,29,B
65,41,B
91,73,A
11,55,C
33,79,B
97,64,A
22,96,B
81,10,B
82,59,A
96,38,B
25,47,C
58,91,A
54,29,B
39,72,B
12,92,B
29,42,C
88,11,B
38,95,B
88,40,B
87,22,B
44,32,C
67,93,A
31,12,C
48,29,C
63,93,A
64,47,B
57,43,B
22,10,C
10,66,C
85,66,A
43,13,C
65,21,B
41,44,B
15,41,C
69,33,B
77,22,B
47,13,C
57,98,A
20,51,C
100,100,A
43,63,B
64,91,A
86,81,A
61,23,B
51,29,B
34,72,B
20,15,C
70,29,B
61,28,B
61,52,B
53,18,C
61,69,B
15,32,C
78,99,A
71,38,B
51,84,B
31,53,B
75,85,A
76,12,B
70,20,B
44,22,C
25,18,C
20,52,C
71,31,B
80,52,B
51,79,B
64,53,B
83,11,B
23,68,B
92,30,B
46,24,C
72,18,B
58,25,B
62,81,A
49,19,C
63,69,B
30,79,B
36,20,C
24,39,C
36,86,B
18,26,C
13,45,C
75,65,A
63,12,C
100,14,B
38,77,B
17,95,B
67,48,B
57,14,C
40,37,C
24,98,B
76,60,B
34,83,B
61,13,C
15,11,C
81,72,A
67,83,A
72,73,A
36,51,B
62,50,B
44,18,C
88,54,A
26,34,C
47,84,B
53,62,B
23,69,B
87,75,A
85,30,B
55,38,B
62,67,B
90,58,A
88,17,B
49,30,C
53,69,B
43,42,B
20,16,C
77,28,B
14,24,C
88,45,B
39,64,B
17,84,B
55,62,B
36,31,C
31,77,B
72,35,B
52,95,A
94,21,B
33,32,C
32,41,C
48,44,B
82,48,B
76,81,A
10,59,C
80,14,B
19,59,C
91,86,A
20,31,C
95,88,A
48,99,A
55,14,C
53,37,B
63,99,A
23,81,B
39,46,B
35,16,C
33,44,C
73,81,A
26,67,B
79,55,B
80,58,B
42,44,B
74,16,B
97,75,A
68,12,B
51,51,B
80,54,B
28,10,C
24,52,C
44,71,B
86,46,B
47,89,B
53,59,B
96,35,B
19,100,B
23,39,C
13,26,C
29,17,C
63,24,B
31,12,C
50,45,B
39,63,B
39,76,B
69,44,B
100,27,B
40,68,B
53,83,B
84,62,A
10,66,C
23,80,B
83,53,B
88,84,A
40,47,B
74,94,A
69,74,A
94,88,A
53,13,C
18,29,C
56,39,B
86,44,B
57,55,B
71,68,B
95,32,B
58,14,C
31,63,B
75,64,B
71,35,B
70,93,A
73,87,A
80,60,A
58,41,B
16,41,C
83,41,B
79,13,B
86,52,B
11,100,B
10,43,C
95,65,A
70,67,B
91,99,A
78,46,B
47,30,C
71,94,A
98,89,A
57,23,B
79,37,B
50,10,C
72,66,B
19,76,B
71,14,B
18,97,B
52,22,C
82,27,B
53,28,B
30,22,C
11,54,C
24,74,B
93,65,A
41,11,C
26,89,B
37,59,B
83,93,A
52,70,B
54,66,B
42,76,B
30,99,B
49,92,A
52,79,B
73,31,B
44,64,B
32,34,C
69,18,B
25,44,C
61,48,B
25,76,B
97,46,A
80,16,B
68,30,B
39,38,C
89,21,B
83,92,A
81,51,B
52,49,B
15,99,B
42,13,C
54,44,B
23,61,B
63,47,B
19,79,B
73,93,A
89,65,A
98,48,A
78,30,B
100,83,A
92,92,A
18,99,B
54,89,A
80,39,B
70,31,B
40,42,B
96,10,B
14,63,C
90,68,A
11,67,C
38,87,B
23,82,B
36,84,B
52,31,B
64,49,B
49,54,B
68,33,B
56,87,A
21,30,C
64,64,B
91,68,A
44,52,B
51,83,B
46,69,B
39,78,B
37,50,B
62,27,B
82,41,B
79,61,A
67,69,B
12,19,C
86,40,B
27,35,C
35,19,C
98,35,B
19,52,C
87,45,B
17,68,B
22,36,C
23,46,C
93,100,A
63,21,B
71,32,B
21,51,C
43,69,B
45,65,B
78,19,B
63,33,B
99,63,A
93,53,A
79,51,B
69,59,B
34,75,B
11,22,C
19,36,C
10,17,C
76,60,B
94,46,A
62,43,B
80,76,A
94,72,A
99,36,B
11,37,C
16,77,B
79,50,B
86,61,A
51,29,B
64,44,B
76,55,B
11,36,C
83,65,A
92,26,B
11,31,C
33,60,B
10,61,C
47,57,B
35,63,B
82,48,B
95,61,A
14,23,C
10,65,C
95,80,A
30,45,C
86,76,A
43,74,B
96,60,A
69,51,B
79,92,A
48,61,B
40,26,C
49,65,B
10,52,C
30,22,C
47,19,C
80,85,A
21,93,B
70,58,B
93,78,A
48,21,C
44,43,B
93,70,A
70,20,B
98,66,A
76,51,B
64,24,B
67,57,B
65,78,A
46,42,B
61,68,B
26,69,B
94,25,B
22,18,C
49,25,C
76,75,A
13,91,B
51,66,B
78,72,A
60,53,B
29,86,B
54,42,B
57,71,B
61,30,B
79,71,A
88,32,B
13,50,C
44,56,B
64,33,B
98,72,A
40,35,C
11,64,C
25,87,B
25,64,B
19,54,C
86,19,B
76,43,B
24,16,C
95,69,A
93,15,B
50,96,A
65,73,B
25,78,B
17,49,C
49,73,B
78,78,A
46,46,B
34,14,C
87,13,B
78,11,B
45,100,A
83,22,B
65,77,A
48,11,C
22,77,B
69,99,A
24,27,C
10,53,C
48,97,A
78,46,B
10,80,B
94,33,B
19,95,B
90,87,A
76,41,B
75,23,B
56,48,B
15,46,C
56,52,B
98,43,A
17,97,B
28,95,B
47,53,B
53,56,B
91,50,A
55,76,B
47,54,B
55,40,B
22,38,C
79,30,B
21,96,B
14,24,C
94,90,A
38,35,C
59,22,B
88,17,B
15,22,C
36,65,B
53,80,B
77,56,B
67,76,A
99,63,A
61,42,B
59,44,B
69,50,B
24,69,B
85,55,A
56,82,B
78,25,B
76,54,B
66,87,A
36,12,C
60,100,A
32,36,C
47,39,B
25,73,B
81,48,B
78,97,A
37,32,C
56,54,B
13,81,B
87,79,A
27,79,B
43,45,B
37,38,C
29,49,C
58,71,B
33,45,C
50,10,C
70,33,B
62,72,B
16,56,C
57,21,C
29,48,C
11,12,C
44,37,B
37,21,C
89,71,A
70,74,A
47,83,B
31,11,C
16,47,C
88,33,B
17,68,B
71,24,B
59,14,C
21,75,B
58,92,A
17,68,B
82,93,A
90,11,B
66,22,B
56,73,B
57,33,B
24,21,C
32,71,B
56,42,B
61,84,A
23,83,B
50,15,C
87,20,B
45,14,C
46,68,B
26,87,B
53,12,C
47,31,C
46,31,C
50,87,B
47,51,B
38,86,B
69,71,A
59,24,B
24,82,B
83,77,A
72,14,B
52,44,B
67,75,A
56,27,B
52,41,B
100,47,A
85,55,A
69,45,B
53,99,A
48,32,B
93,68,A
39,95,B
74,89,A
13,32,C
69,78,A
48,91,B
21,37,C
62,12,C
85,95,A
19,28,C
99,36,B
68,88,A
29,27,C
46,96,A
46,17,C
39,47,B
55,98,A
99,64,A
81,85,A
23,66,B
42,32,C
90,84,A
97,99,A
42,90,B
78,65,A
60,49,B
93,45,B
93,22,B
53,33,B
37,30,C
22,80,B
49,83,B
15,87,B
43,25,C
15,26,C
82,51,B
25,63,B
25,16,C
92,12,B
44,36,B
35,64,B
68,96,A
77,89,A
20,82,B
80,95,A
38,47,B
12,77,B
58,24,B
95,18,B
81,94,A
18,75,B
57,80,B
92,17,B
84,44,B
22,44,C
66,67,B
95,57,A
84,94,A
92,40,B
11,85,B
54,79,B
20,65,B
94,97,A
65,69,B
14,87,B
57,23,B
57,25,B
61,40,B
43,57,B
46,80,B
76,32,B
88,53,A
35,24,C
63,29,B
27,98,B
60,63,B
74,25,B
14,10,C
47,74,B
18,24,C
97,62,A
51,51,B
31,63,B
95,75,A
77,36,B
25,61,B
15,59,C
12,97,B
73,73,A
96,36,B
68,65,B
93,92,A
86,77,A
89,11,B
24,83,B
76,59,B
68,58,B
14,95,B
68,30,B
10,24,C
68,69,B
51,50,B
78,67,A
87,13,B
36,85,B
18,28,C
40,82,B
54,32,B
80,57,B
68,62,B
43,19,C
92,58,A
80,84,A
16,18,C
92,38,B
49,39,B
46,27,C
34,38,C
33,41,C
70,32,B
34,78,B
19,53,C
91,21,B
51,68,B
33,22,C
34,50,B
36,66,B
83,12,B
46,30,C
99,40,B
58,81,B
99,73,A
11,55,C
90,82,A
83,82,A
84,43,B
49,15,C
32,97,B
98,80,A
59,76,B
35,19,C
84,44,B
33,23,C
42,72,B
25,29,C
18,50,C
59,61,B
83,34,B
60,97,A
56,90,A
86,72,A
25,20,C
55,54,B
99,53,A
45,39,B
12,100,B
28,51,C
48,93,A
63,25,B
23,12,C
92,32,B
21,82,B
51,17,C
14,97,B
10,69,C
73,26,B
41,65,B
87,24,B
87,69,A
30,55,B
46,10,C
77,34,B
63,57,B
76,89,A
85,29,B
16,91,B
56,51,B
25,81,B
67,54,B
93,88,A
70,63,B
36,66,B
41,18,C
98,29,B
92,37,B
58,22,B
95,28,B
76,14,B
34,67,B
20,27,C
43,64,B
24,26,C
62,67,B
54,58,B
33,63,B
14,79,B
52,55,B
17,20,C
65,73,B
88,72,A
34,77,B
17,72,B
10,68,C
89,82,A
39,72,B
14,89,B
39,57,B
76,88,A
18,35,C
28,11,C
87,50,B
24,24,C
54,48,B
37,55,B
34,82,B
91,51,A
10,58,C
86,45,B
71,55,B
61,17,C
71,100,A
75,60,B
40,59,B
88,24,B
35,69,B
26,53,C
52,18,C
45,42,B
80,33,B
65,20,B
15,54,C
35,68,B
14,43,C
41,56,B
41,69,B
79,73,A
59,44,B
40,82,B
23,65,B
94,78,A
74,67,A
56,95,A
88,49,B
40,25,C
17,93,B
46,22,C
61,42,B
59,34,B
81,31,B
52,23,C
18,32,C
96,28,B
23,78,B
79,34,B
81,43,B
72,17,B
25,29,C
46,24,C
18,19,C
48,92,A
14,55,C
47,39,B
12,50,C
81,59,A
45,100,A
98,23,B
85,86,A
28,86,B
52,76,B
21,13,C
25,13,C
96,74,A
48,57,B
64,33,B
41,42,B
11,94,B
54,10,C
47,11,C
98,85,A
70,35,B
11,90,B
92,34,B
50,75,B
24,53,C
100,65,A
67,52,B
61,54,B
30,87,B
97,19,B
45,23,C
76,27,B
54,44,B
87,91,A
13,83,B
38,36,C
95,56,A
38,13,C
31,83,B
33,18,C
99,40,B
74,43,B
87,88,A
91,70,A
42,44,B
51,51,B
50,15,C
72,94,A
16,76,B
87,79,A
29,55,B
70,36,B
79,63,A
65,13,C
78,95,A
40,59,B
56,17,C
58,58,B
100,92,A
37,51,B
91,11,B
43,99,A
80,19,B
16,70,B
75,44,B
70,91,A
70,77,A
53,22,C
88,10,B
91,86,A
47,46,B
13,83,B
52,18,C
59,62,B
98,60,A
59,12,C
41,92,B
33,78,B
64,22,B
53,36,B
55,31,B
78,34,B
37,22,C
60,35,B
90,78,A
89,54,A
67,60,B
87,34,B
51,49,B
75,76,A
43,70,B
99,92,A
89,47,B
80,17,B
80,46,B
90,16,B
31,90,B
95,39,B
63,91,A
32,35,C
63,61,B
96,33,B
59,85,A
84,22,B
72,96,A
12,18,C
18,24,C
45,67,B
18,69,B
64,52,B
48,27,C
91,61,A
85,63,A
72,58,B
17,12,C
70,66,B
76,84,A
51,96,A
98,50,A
43,94,B
35,48,B
66,73,B
94,74,A
100,18,B
31,38,C
66,86,A
18,93,B
23,72,B
32,86,B
77,89,A
60,23,B
29,81,B
87,56,A
72,61,B
30,79,B
66,60,B
15,11,C
55,15,C
14,71,B
81,92,A
72,98,A
39,15,C
87,97,A
32,77,B
42,83,B
24,98,B
40,60,B
52,88,A
99,36,B
57,47,B
59,67,B
32,16,C
28,10,C
19,82,B
56,78,B
18,61,C
47,65,B
76,44,B
43,32,C
64,65,B
69,37,B
19,21,C
54,72,B
21,18,C
66,44,B
84,75,A
45,67,B
36,65,B
20,43,C
84,86,A
50,68,B
10,51,C
28,88,B
76,37,B
67,61,B
53,94,A
28,56,B
99,27,B
51,48,B
37,71,B
10,14,C
47,20,C
15,42,C
67,83,A
81,99,A
86,93,A
100,83,A
80,100,A
72,49,B
51,52,B
28,43,C
60,66,B
30,84,B
35,68,B
76,33,B
22,91,B
58,31,B
35,83,B
48,33,B
14,21,C
69,52,B
83,88,A
83,37,B
56,76,B
78,43,B
32,23,C
49,12,C
55,94,A
98,25,B
77,44,B
34,51,B
81,18,B
56,74,B
66,21,B
66,22,B
59,30,B
45,57,B
39,30,C
60,49,B
31,30,C
71,21,B
22,33,C
35,76,B
80,71,A
86,76,A
54,58,B
32,96,B
36,83,B
97,44,A
32,43,C
71,90,A
49,37,B
35,16,C
96,73,A
13,87,B
61,90,A
96,84,A
15,37,C
51,86,B
58,60,B
87,82,A
88,82,A
11,23,C
26,59,B
83,92,A
45,59,B
93,64,A
70,67,B
48,28,C
83,79,A
94,42,B
10,65,C
55,67,B
74,58,B
37,33,C
18,62,B
18,79,B
93,98,A
49,73,B
63,34,B
61,27,B
43,32,C
78,77,A
65,19,B
13,19,C
70,12,B
77,74,A
60,27,B
20,67,B
33,58,B
10,74,B
84,96,A
32,71,B
24,28,C
65,26,B
100,94,A
71,44,B
68,70,B
24,89,B
71,40,B
93,18,B
48,25,C
14,63,C
65,68,B
42,91,B
47,20,C
61,13,C
41,38,C
14,56,C
45,62,B
68,15,B
46,72,B
51,88,B
29,62,B
35,21,C
84,37,B
19,90,B
85,89,A
89,48,B
98,92,A
89,60,A
22,20,C
88,57,A
44,17,C
30,35,C
97,48,A
69,64,B
10,39,C
21,14,C
38,12,C
33,24,C
43,39,B
78,28,B
48,59,B
53,87,A
11,57,C
96,99,A
93,60,A
91,76,A
25,96,B
38,42,B
85,55,A
29,97,B
53,87,A
65,35,B
18,77,B
78,60,B
14,42,C
37,88,B
78,90,A
87,37,B
83,30,B
22,88,B
10,46,C
84,33,B
80,17,B
19,25,C
10,79,B
22,45,C
40,72,B
21,41,C
37,47,B
54,49,B
88,87,A
26,91,B
59,14,C
92,43,B
47,32,C
34,81,B
85,93,A
40,31,C
85,50,B
56,77,B
89,66,A
42,48,B
39,55,B
41,61,B
56,68,B
36,31,C
89,99,A
15,66,B
44,63,B
60,68,B
12,81,B
94,97,A
29,52,B
37,45,B
49,59,B
49,58,B
72,41,B
59,73,B
15,13,C
26,42,C
77,91,A
75,29,B
50,77,B
86,59,A
64,84,A
28,96,B
80,74,A
12,31,C
31,20,C
69,28,B
74,90,A
96,40,B
51,86,B
75,22,B
82,65,A
21,12,C
65,96,A
58,72,B
39,22,C
87,77,A
67,98,A
93,36,B
50,38,B
52,35,B
89,52,A
99,99,A
11,15,C
97,21,B
13,67,B
72,56,B
51,65,B
27,85,B
86,42,B
11,11,C
85,77,A
57,91,A
53,22,C
86,25,B
91,95,A
46,19,C
23,73,B
12,16,C
96,88,A
40,62,B
78,35,B
19,49,C
61,66,B
28,12,C
42,41,B
88,95,A
10,36,C
28,43,C
58,33,B
25,21,C
36,46,B
96,10,B
68,40,B
24,34,C
83,10,B
96,74,A
12,81,B
70,65,B
10,37,C
14,73,B
52,45,B
88,29,B
17,26,C
79,64,A
87,33,B
74,45,B
93,46,B
75,58,B
91,58,A
42,66,B
50,48,B
79,75,A
97,97,A
32,90,B
67,46,B
61,91,A
36,81,B
56,47,B
10,38,C
57,33,B
30,53,B
30,39,C
18,23,C
69,29,B
22,42,C
86,80,A
49,47,B
88,44,B
13,62,C
31,54,B
78,19,B
95,24,B
31,48,C
48,67,B
91,41,B
46,15,C
69,37,B
92,70,A
10,88,B
86,53,B
40,96,B
16,14,C
15,67,B
11,74,B
30,90,B
12,100,B
26,17,C
40,10,C
77,33,B
98,69,A
81,40,B
49,52,B
84,17,B
70,56,B
93,40,B
16,54,C
51,41,B
87,49,B
10,81,B
67,33,B
44,78,B
45,17,C
83,43,B
59,65,B
63,90,A
70,68,B
19,48,C
78,14,B
43,45,B
77,31,B
26,47,C
24,13,C
100,17,B
55,32,B
99,46,A
68,43,B
87,99,A
52,93,A
74,16,B
82,57,B
72,37,B
33,67,B
64,46,B
11,80,B
66,36,B
69,48,B
32,12,C
59,79,B
31,59,B
60,14,C
13,65,C
14,64,C
37,92,B
13,51,C
95,54,A
70,52,B
78,81,A
57,63,B
54,85,B
96,48,A
15,98,B
85,63,A
57,92,A
31,90,B
98,66,A
12,56,C
96,94,A
43,46,B
57,91,A
87,88,A
52,83,B
46,44,B
21,86,B
90,12,B
35,66,B
36,23,C
91,50,A
40,43,B
44,81,B
17,60,C
47,20,C
67,65,B
63,34,B
55,63,B
49,12,C
21,78,B
66,84,A
44,28,C
89,33,B
70,82,A
90,49,B
49,59,B
21,50,C
38,57,B
50,41,B
43,41,B
52,67,B
47,81,B
84,81,A
43,67,B
42,36,C
12,28,C
74,68,A
95,58,A
100,29,B
70,58,B
87,45,B
45,62,B
85,39,B
14,26,C
80,55,B
29,89,B
96,29,B
13,17,C
66,24,B
71,33,B
54,58,B
81,17,B
13,26,C
98,28,B
49,61,B
52,42,B
70,41,B
100,17,B
93,43,B
48,23,C
88,29,B
80,59,B
55,73,B
20,24,C
36,89,B
68,41,B
80,10,B
40,59,B
22,11,C
41,40,B
12,21,C
61,100,A
24,98,B
96,29,B
99,12,B
40,27,C
79,40,B
43,99,A
17,80,B
81,49,B
63,59,B
35,84,B
55,18,C
58,58,B
37,56,B
94,15,B
58,12,C
86,28,B
69,53,B
40,72,B
34,55,B
18,53,C
40,77,B
62,91,A
53,35,B
87,33,B
12,82,B
66,45,B
91,89,A
82,62,A
19,38,C
52,27,C
83,32,B
66,79,A
50,66,B
79,27,B
56,12,C
77,45,B
15,45,C
100,94,A
29,82,B
87,91,A
31,57,B
36,49,B
100,74,A
95,13,B
71,12,B
35,65,B
43,48,B
18,92,B
18,13,C
28,24,C
69,41,B
72,13,B
95,12,B
48,25,C
79,85,A
50,56,B
30,31,C
47,34,B
25,83,B
16,83,B
90,55,A
35,78,B
58,47,B
30,24,C
68,11,C
86,65,A
44,18,C
90,20,B
64,96,A
16,90,B
63,47,B
28,24,C
88,28,B
69,16,B
87,22,B
84,89,A
56,46,B
10,78,B
35,79,B
36,65,B
64,58,B
91,29,B
94,11,B
86,86,A
98,29,B
99,97,A
97,19,B
95,55,A
97,67,A
63,81,A
98,30,B
40,96,B
61,22,B
76,24,B
18,58,C
70,22,B
93,54,A
99,50,A
22,44,C
54,70,B
88,62,A
38,29,C
11,94,B
23,91,B
36,45,B
35,57,B
43,73,B
89,100,A
16,65,B
59,98,A
75,93,A
97,21,B
77,24,B
59,40,B
96,39,B
94,61,A
54,54,B
18,36,C
86,30,B
73,16,B
42,11,C
11,70,B
29,44,C
54,36,B
70,58,B
93,84,A
27,56,B
88,47,B
73,22,B
78,14,B
49,29,C
69,98,A
21,54,C
32,76,B
17,52,C
53,51,B
20,56,C
64,83,A
91,90,A
83,44,B
38,55,B
18,96,B
27,14,C
23,50,C
98,27,B
86,83,A
97,88,A
76,12,B
85,84,A
85,99,A
97,14,B
25,36,C
45,22,C
74,81,A
91,61,A
29,24,C
16,49,C
47,32,C
15,89,B
45,93,B
13,63,C
12,98,B
81,34,B
22,59,B
99,21,B
10,73,B
87,30,B
95,44,B
12,16,C
39,28,C
31,74,B
57,53,B
17,56,C
73,16,B
29,74,B
20,71,B
91,30,B
86,16,B
63,86,A
75,18,B
29,30,C
62,39,B
70,67,B
60,88,A
88,96,A
45,12,C
47,39,B
33,31,C
56,53,B
10,99,B
51,50,B
78,40,B
92,72,A
86,10,B
46,30,C
92,29,B
42,84,B
20,40,C
88,65,A
86,40,B
33,29,C
48,93,A
36,44,B
98,72,A
33,89,B
49,60,B
62,70,B
78,40,B
62,91,A
10,99,B
24,10,C
79,51,B
34,17,C
64,48,B
76,58,B
95,66,A
10,64,C
38,96,B
39,24,C
81,62,A
37,32,C
16,65,B
56,34,B
83,17,B
49,27,C
46,63,B
39,77,B
29,41,C
95,73,A
34,41,C
50,48,B
93,16,B
54,90,A
76,13,B
42,22,C
17,57,C
89,38,B
82,61,A
39,65,B
36,39,C
95,32,B
48,95,A
77,80,A
90,54,A
44,95,B
62,30,B
53,20,C
45,89,B
12,61,C
22,31,C
23,10,C
34,15,C
94,30,B
55,61,B
47,19,C
51,64,B
22,23,C
10,68,C
29,81,B
38,37,C
26,56,B
63,47,B
96,51,A
14,69,B
36,53,B
71,57,B
80,41,B
62,80,A
34,82,B
79,19,B
28,19,C
85,93,A
51,32,B
71,28,B
63,36,B
28,83,B
75,77,A
23,68,B
49,65,B
34,33,C
24,40,C
91,58,A
89,57,A
57,84,A
10,13,C
75,70,A
34,81,B
57,73,B
81,81,A
75,71,A
70,66,B
24,56,B
34,32,C
52,29,B
33,78,B
31,19,C
29,37,C
14,11,C
43,44,B
85,43,B
89,88,A
40,86,B
56,64,B
15,44,C
62,18,B
29,69,B
44,71,B
92,27,B
72,61,B
11,61,C
57,17,C
28,69,B
94,22,B
71,26,B
85,91,A
90,67,A
31,70,B
79,15,B
45,39,B
84,98,A
45,95,A
15,16,C
59,45,B
67,33,B
68,13,B
14,90,B
75,93,A
95,90,A
64,98,A
86,64,A
43,53,B
26,71,B
24,26,C
59,19,C
25,58,B
65,62,B
69,72,A
11,80,B
11,83,B
90,70,A
65,61,B
35,80,B
71,46,B
85,27,B
47,95,A
21,26,C
84,13,B
32,90,B
76,48,B
62,57,B
93,35,B
13,30,C
94,92,A
54,29,B
21,17,C
54,10,C
43,11,C
54,20,C
26,43,C
94,40,B
61,86,A
97,41,B
93,38,B
87,95,A
57,64,B
87,65,A
30,59,B
100,10,B
26,35,C
34,29,C
71,71,A
42,16,C
50,33,B
39,33,C
23,80,B
22,12,C
31,72,B
52,20,C
30,32,C
54,22,C
22,100,B
76,41,B
92,93,A
37,34,C
30,90,B
72,52,B
98,57,A
27,63,B
56,43,B
88,86,A
18,11,C
25,14,C
48,84,B
90,31,B
11,87,B
47,73,B
35,31,C
40,100,A
33,51,B
67,27,B
67,56,B
74,64,B
82,98,A
91,70,A
41,56,B
84,89,A
40,44,B
51,91,A
52,26,C
68,64,B
55,68,B
81,96,A
99,29,B
86,51,B
41,90,B
78,81,A
54,75,B
79,55,B
27,18,C
41,83,B
40,27,C
15,74,B
56,20,C
70,49,B
83,83,A
86,54,A
14,53,C
33,43,C
29,81,B
32,11,C
40,89,B
58,11,C
95,56,A
34,81,B
12,46,C
38,36,C
40,38,C
58,31,B
11,90,B
61,19,B
93,100,A
43,68,B
43,19,C
18,80,B
91,95,A
62,92,A
21,55,C
54,49,B
31,32,C
88,14,B
26,15,C
98,70,A
17,32,C
14,34,C
38,96,B
18,25,C
12,48,C
92,31,B
65,86,A
35,66,B
99,38,B
79,75,A
52,14,C
73,76,A
37,78,B
68,89,A
10,62,C
22,19,C
82,23,B
49,53,B
16,33,C
28,62,B
48,57,B
36,85,B
97,67,A
54,74,B
89,48,B
16,15,C
20,63,B
71,23,B
100,82,A
17,36,C
76,11,B
50,14,C
99,43,A
27,51,C
93,82,A
91,67,A
30,44,C
59,20,C
21,21,C
15,55,C
99,91,A
21,65,B
52,26,C
100,86,A
28,39,C
33,63,B
43,49,B
74,49,B
63,95,A
75,81,A
68,63,B
66,60,B
62,74,B
95,12,B
30,76,B
83,80,A
38,46,B
66,14,B
88,64,A
74,76,A
70,52,B
96,47,A
37,65,B
33,65,B
50,22,C
86,43,B
94,87,A
50,36,B
99,12,B
41,43,B
35,27,C
55,13,C
97,52,A
18,92,B
20,77,B
39,20,C
94,38,B
10,34,C
23,99,B
94,70,A
26,36,C
51,65,B
27,72,B
100,76,A
69,73,A
49,33,B
28,64,B
23,34,C
35,58,B
54,25,C
50,81,B
99,58,A
53,19,C
98,70,A
43,65,B
32,10,C
12,21,C
18,21,C
100,36,B
35,88,B
78,15,B
86,27,B
85,98,A
29,27,C
61,18,C
20,40,C
17,15,C
95,33,B
70,99,A
89,70,A
86,35,B
52,42,B
20,62,B
63,33,B
57,100,A
78,22,B
14,85,B
73,81,A
70,42,B
35,17,C
57,62,B
29,69,B
80,30,B
28,74,B
55,23,C
26,55,B
53,39,B
22,50,C
95,40,B
45,35,B
61,87,A
42,51,B
100,79,A
67,46,B
18,37,C
32,21,C
62,23,B
45,16,C
25,61,B
13,97,B
71,91,A
65,83,A
43,80,B
29,43,C
33,77,B
34,42,C
40,55,B
32,86,B
68,73,A
24,51,C
64,13,C
14,68,B
46,40,B
92,17,B
19,46,C
10,72,B
77,70,A
48,67,B
84,19,B
20,73,B
76,52,B
42,78,B
82,55,B
44,22,C
33,37,C
32,82,B
93,60,A
87,65,A
11,17,C
42,65,B
71,100,A
37,80,B
88,79,A
89,19,B
46,12,C
42,36,C
87,52,B
58,48,B
41,71,B
99,79,A
83,79,A
71,71,A
83,40,B
34,41,C
96,60,A
80,51,B
38,93,B
89,21,B
56,96,A
63,50,B
23,64,B
58,83,A
67,88,A
27,39,C
71,31,B
73,26,B
32,58,B
42,20,C
23,73,B
80,28,B
56,73,B
49,90,B
79,46,B
64,55,B
98,76,A
64,39,B
43,92,B
54,81,B
64,66,B
72,42,B
18,48,C
54,28,B
38,58,B
34,86,B
100,30,B
19,37,C
22,98,B
89,25,B
79,19,B
16,65,B
74,28,B
70,33,B
100,69,A
53,21,C
27,32,C
76,59,B
67,31,B
97,40,B
62,65,B
49,33,B
13,81,B
23,15,C
40,14,C
43,55,B
68,12,B
72,83,A
85,80,A
93,58,A
21,66,B
24,68,B
57,94,A
35,30,C
12,68,B
89,87,A
61,58,B
82,62,A
72,25,B
18,12,C
43,31,C
28,34,C
68,16,B
75,10,B
47,85,B
93,97,A
18,20,C
30,89,B
99,89,A
39,34,C
77,53,B
44,45,B
49,57,B
57,78,B
76,84,A
28,65,B
72,15,B
39,17,C
26,11,C
25,33,C
61,77,B
75,60,B
81,67,A
15,42,C
56,16,C
40,88,B
75,85,A
71,37,B
66,25,B
37,45,B
53,44,B
14,80,B
65,54,B
33,81,B
31,35,C
74,59,B
60,16,C
55,83,B
90,68,A
100,81,A
27,16,C
24,88,B
50,56,B
26,93,B
16,57,C
24,44,C
70,90,A
88,13,B
35,36,C
20,13,C
44,47,B
65,69,B
79,81,A
55,35,B
76,95,A
84,52,B
12,27,C
53,29,B
69,60,B
97,61,A
85,47,B
61,73,B
63,47,B
51,21,C
45,84,B
39,25,C
28,82,B
57,70,B
31,56,B
87,61,A
93,61,A
27,92,B
80,62,A
15,31,C
10,61,C
19,94,B
30,75,B
80,19,B
31,74,B
23,57,B
27,60,B
54,70,B
21,72,B
96,25,B
62,77,B
32,36,C
65,87,A
41,30,C
18,22,C
64,25,B
70,46,B
95,73,A
97,30,B
34,100,B
19,44,C
49,71,B
81,10,B
85,55,A
88,69,A
54,44,B
84,26,B
61,11,C
28,92,B
23,69,B
61,79,A
44,52,B
52,41,B
70,81,A
24,43,C
82,40,B
53,10,C
15,21,C
29,48,C
43,52,B
93,47,A
61,59,B
90,80,A
84,31,B
60,16,C
27,88,B
59,92,A
76,80,A
39,31,C
95,57,A
96,79,A
52,67,B
80,29,B
62,82,A
48,30,C
42,77,B
89,91,A
15,96,B
12,14,C
29,53,B
19,99,B
78,31,B
78,33,B
98,11,B
24,23,C
87,73,A
57,85,A
23,86,B
76,45,B
58,71,B
67,74,A
25,92,B
85,93,A
34,30,C
10,89,B
52,40,B
38,43,B
35,36,C
17,85,B
88,68,A
68,38,B
36,80,B
87,29,B
31,99,B
24,75,B
82,75,A
97,14,B
80,20,B
85,39,B
89,86,A
50,12,C
45,31,C
47,70,B
69,94,A
23,32,C
40,56,B
63,46,B
90,29,B
49,85,B
10,19,C
68,99,A
36,35,C
67,77,A
17,88,B
75,63,B
17,20,C
48,47,B
29,39,C
58,45,B
39,75,B
41,83,B
13,45,C
73,53,B
71,96,A
18,99,B
63,68,B
70,44,B
30,34,C
33,31,C
42,42,B
62,72,B
45,34,C
83,79,A
98,77,A
53,21,C
68,89,A
61,16,C
66,62,B
71,35,B
52,92,A
46,10,C
51,96,A
39,20,C
16,67,B
64,67,B
68,80,A
78,65,A
31,93,B
47,24,C
95,28,B
37,88,B
10,17,C
14,36,C
80,80,A
45,22,C
34,27,C
89,96,A
18,64,B
31,70,B
59,34,B
66,15,B
52,85,B
83,30,B
45,70,B
18,81,B
63,58,B
77,68,A
95,76,A
92,78,A
51,77,B
72,50,B
89,52,A
17,15,C
59,47,B
79,29,B
60,52,B
95,18,B
75,83,A
19,100,B
100,14,B
16,31,C
79,65,A
88,88,A
45,65,B
71,94,A
91,18,B
25,55,B
14,63,C
22,95,B
42,26,C
15,29,C
55,95,A
92,34,B
44,38,B
14,41,C
11,78,B
62,68,B
18,31,C
38,100,B
65,85,A
100,12,B
83,14,B
84,47,B
25,37,C
66,73,B
67,92,A
30,74,B
44,96,A
10,43,C
53,99,A
30,38,C
21,97,B
19,71,B
68,30,B
14,89,B
26,93,B
18,72,B
65,17,B
28,30,C
52,35,B
29,48,C
21,16,C
14,35,C
69,85,A
56,35,B
38,74,B
35,80,B
84,14,B
70,85,A
76,55,B
20,72,B
38,82,B
91,22,B
69,16,B
30,52,B
76,13,B
83,22,B
100,32,B
83,91,A
82,86,A
29,88,B
35,55,B
43,73,B
42,64,B
95,31,B
25,78,B
32,88,B
84,65,A
50,27,C
16,64,B
12,68,B
30,68,B
65,77,A
75,55,B
27,47,C
49,71,B
16,65,B
13,46,C
37,67,B
19,15,C
46,83,B
95,81,A
66,89,A
28,69,B
33,28,C
14,86,B
16,11,C
11,72,B
73,45,B
90,71,A
45,15,C
47,53,B
21,87,B
88,98,A
57,37,B
13,63,C
40,34,C
31,37,C
11,48,C
91,62,A
41,71,B
18,16,C
32,43,C
91,97,A
79,97,A
89,26,B
47,39,B
56,91,A
69,63,B
99,77,A
87,68,A
10,86,B
99,40,B
53,54,B
64,45,B
30,98,B
78,74,A
56,74,B
52,53,B
90,13,B
83,90,A
96,43,B
72,73,A
40,20,C
51,92,A
87,59,A
10,16,C
30,28,C
30,20,C
18,91,B
26,23,C
22,16,C
35,21,C
68,72,A
63,38,B
36,18,C
48,97,A
32,38,C
65,36,B
84,14,B
65,72,B
22,12,C
67,33,B
42,78,B
80,67,A
39,67,B
86,20,B
24,23,C
47,93,A
16,97,B
23,77,B
63,77,A
18,68,B
40,51,B
87,50,B
10,57,C
91,70,A
34,55,B
97,40,B
32,24,C
67,16,B
79,49,B
74,49,B
64,25,B
62,82,A
41,94,B
89,41,B
40,77,B
55,45,B
77,83,A
47,53,B
50,24,C
31,91,B
87,56,A
67,51,B
99,36,B
15,53,C
80,42,B
94,84,A
13,42,C
33,46,C
25,90,B
75,19,B
18,39,C
97,92,A
93,80,A
16,10,C
86,63,A
63,29,B
48,82,B
99,53,A
95,89,A
30,44,C
15,51,C
73,49,B
81,51,B
73,83,A
78,100,A
73,89,A
90,59,A
96,41,B
42,47,B
44,43,B
77,32,B
85,35,B
88,15,B
42,35,C
52,83,B
80,33,B
98,60,A
57,19,C
22,40,C
96,75,A
56,93,A
26,18,C
89,63,A
11,41,C
91,92,A
86,54,A
44,55,B
90,45,B
27,58,B
70,30,B
96,95,A
45,58,B
89,32,B
42,14,C
50,23,C
28,95,B
52,77,B
65,74,B
72,53,B
78,59,B
50,31,B
72,96,A
42,85,B
23,53,C
66,94,A
49,39,B
28,27,C
83,10,B
43,99,A
25,72,B
80,77,A
85,29,B
10,96,B
70,100,A
58,65,B
59,10,C
54,18,C
55,18,C
44,13,C
20,64,B
42,96,B
19,56,C
90,56,A
96,32,B
28,45,C
87,80,A
41,38,C
69,38,B
75,51,B
64,15,C
35,37,C
25,74,B
42,66,B
38,89,B
34,59,B
39,12,C
46,99,A
91,20,B
18,42,C
15,80,B
84,48,B
67,61,B
94,10,B
75,11,B
51,70,B
13,32,C
96,69,A
23,70,B
66,77,A
90,33,B
31,94,B
91,15,B
65,39,B
60,76,B
10,24,C
73,81,A
10,30,C
83,35,B
69,19,B
46,87,B
10,57,C
38,17,C
20,65,B
38,57,B
12,32,C
98,35,B
23,25,C
77,48,B
95,49,A
81,24,B
63,50,B
53,97,A
14,89,B
83,83,A
21,45,C
32,14,C
82,65,A
92,45,B
40,67,B
94,53,A
16,77,B
75,33,B
12,23,C
50,45,B
50,30,B
14,67,B
86,29,B
48,99,A
18,70,B
10,95,B
18,36,C
16,32,C
68,17,B
52,54,B
99,78,A
85,59,A
13,14,C
34,70,B
89,90,A
81,90,A
11,69,B
88,26,B
58,51,B
55,35,B
58,28,B
44,47,B
68,18,B
31,99,B
20,69,B
21,56,C
97,51,A
71,83,A
85,97,A
10,97,B
59,84,A
19,33,C
90,31,B
71,21,B
80,94,A
66,22,B
80,90,A
30,35,C
60,94,A
91,18,B
70,17,B
14,86,B
93,13,B
24,93,B
87,22,B
15,82,B
10,51,C
31,33,C
71,79,A
23,45,C
94,49,A
89,90,A
10,43,C
96,50,A
69,59,B
36,77,B
86,28,B
78,19,B
85,26,B
24,43,C
12,78,B
14,19,C
90,94,A
62,80,A
58,60,B
79,24,B
68,87,A
34,95,B
21,15,C
83,94,A
20,51,C
90,67,A
81,94,A
80,20,B
18,51,C
51,38,B
58,93,A
88,21,B
34,26,C
61,15,C
35,34,C
88,14,B
28,63,B
33,28,C
61,69,B
22,41,C
61,96,A
64,30,B
43,41,B
85,64,A
96,61,A
54,76,B
95,68,A
28,23,C
40,57,B
29,25,C
13,95,B
40,76,B
51,50,B
83,31,B
24,80,B
31,100,B
47,17,C
34,15,C
32,80,B
33,77,B
84,16,B
16,25,C
45,26,C
89,67,A
77,41,B
18,75,B
72,53,B
33,39,C
80,53,B
59,53,B
26,12,C
58,72,B
63,18,B
96,99,A
64,29,B
12,75,B
96,57,A
51,33,B
64,86,A
46,16,C
61,85,A
95,22,B
39,32,C
64,39,B
50,56,B
23,47,C
64,73,B
50,23,C
59,70,B
47,32,C
61,100,A
69,92,A
29,56,B
81,37,B
27,11,C
10,74,B
60,77,B
100,58,A
54,46,B
35,45,B
95,99,A
67,48,B
85,72,A
71,52,B
95,93,A
22,35,C
98,26,B
20,52,C
97,64,A
16,97,B
66,44,B
50,26,C
77,37,B
46,16,C
65,14,C
30,27,C
60,47,B
71,65,B
82,97,A
23,53,C
22,69,B
61,37,B
74,89,A
15,91,B
67,89,A
41,18,C
26,14,C
42,13,C
39,57,B
73,32,B
70,49,B
85,92,A
79,64,A
37,72,B
10,76,B
24,79,B
99,88,A
83,28,B
26,18,C
14,94,B
90,73,A
18,66,B
28,86,B
90,95,A
58,33,B
80,50,B
93,98,A
41,10,C
76,60,B
89,91,A
31,53,B
11,43,C
42,13,C
80,85,A
63,81,A
16,79,B
76,93,A
49,23,C
57,62,B
69,79,A
27,33,C
72,36,B
39,63,B
72,76,A
32,71,B
39,95,B
75,28,B
28,77,B
17,42,C
63,14,C
20,21,C
20,24,C
89,13,B
68,24,B
27,39,C
89,36,B
43,60,B
37,80,B
16,37,C
58,86,A
100,39,B
31,26,C
78,85,A
91,27,B
36,29,C
89,91,A
45,37,B
25,10,C
19,30,C
36,28,C
33,59,B
97,55,A
82,29,B
90,33,B
33,65,B
19,33,C
83,14,B
13,64,C
72,15,B
55,43,B
27,34,C
73,25,B
87,53,A
72,65,B
54,43,B
82,20,B
22,87,B
58,86,A
26,60,B
84,76,A
32,54,B
16,10,C
60,89,A
16,19,C
45,77,B
89,76,A
29,76,B
11,11,C
27,66,B
92,40,B
97,22,B
75,38,B
33,22,C
90,24,B
37,19,C
24,38,C
88,87,A
61,25,B
65,67,B
58,49,B
92,42,B
37,12,C
78,80,A
40,92,B
97,42,B
89,30,B
48,11,C
45,14,C
42,91,B
94,40,B
32,59,B
77,37,B
88,50,B
80,15,B
41,94,B
97,21,B
30,98,B
22,13,C
32,46,C
43,63,B
88,83,A
99,60,A
20,38,C
57,59,B
41,62,B
17,81,B
16,93,B
88,87,A
80,61,A
10,76,B
59,77,B
65,91,A
16,30,C
20,82,B
16,70,B
47,17,C
27,65,B
57,88,A
94,59,A
57,48,B
77,52,B
42,80,B
20,35,C
28,72,B
19,51,C
47,10,C
77,92,A
93,52,A
62,73,B
29,76,B
62,88,A
69,96,A
67,38,B
25,18,C
30,21,C
72,60,B
45,33,C
15,32,C
99,91,A
63,44,B
15,77,B
15,38,C
72,51,B
56,49,B
73,80,A
45,69,B
78,84,A
64,78,A
74,55,B
38,38,C
78,15,B
43,36,C
83,81,A
56,95,A
33,10,C
13,88,B
11,56,C
38,51,B
29,77,B
51,26,C
63,53,B
56,29,B
97,31,B
49,28,C
59,76,B
72,50,B
63,31,B
58,92,A
29,42,C
85,27,B
55,26,B
87,61,A
81,83,A
78,73,A
96,89,A
62,46,B
16,100,B
47,76,B
76,46,B
33,20,C
10,37,C
93,100,A
26,22,C
45,89,B
90,54,A
29,32,C
92,39,B
60,96,A
64,97,A
41,64,B
28,43,C
47,20,C
87,55,A
19,13,C
53,43,B
80,30,B
99,60,A
74,92,A
23,91,B
68,96,A
96,81,A
85,72,A
70,36,B
24,35,C
33,67,B
83,86,A
62,52,B
57,87,A
97,56,A
57,58,B
63,21,B
51,57,B
14,18,C
97,28,B
31,27,C
44,93,B
77,100,A
77,12,B
95,82,A
91,84,A
46,92,B
11,100,B
77,67,A
72,80,A
70,57,B
95,40,B
92,92,A
35,16,C
17,72,B
98,58,A
92,27,B
10,83,B
13,18,C
46,35,B
80,74,A
97,19,B
59,50,B
16,83,B
17,89,B
21,57,C
82,73,A
13,61,C
95,94,A
73,61,B
84,19,B
29,31,C
22,50,C
63,98,A
94,56,A
79,87,A
15,38,C
12,70,B
25,20,C
22,84,B
34,69,B
76,35,B
15,18,C
12,61,C
95,43,B
84,72,A
64,30,B
11,65,C
42,32,C
35,87,B
41,60,B
11,46,C
98,13,B
73,65,B
89,17,B
27,70,B
33,21,C
57,85,A
48,26,C
44,19,C
18,29,C
89,70,A
23,23,C
84,51,B
85,12,B
75,45,B
51,100,A
40,16,C
61,35,B
10,71,B
96,65,A
88,27,B
100,15,B
100,81,A
47,13,C
95,59,A
12,42,C
15,13,C
67,41,B
38,76,B
49,81,B
11,54,C
32,28,C
14,76,B
54,27,B
57,16,C
37,10,C
65,91,A
30,76,B
64,40,B
11,14,C
70,39,B
74,37,B
23,80,B
85,92,A
97,45,A
24,38,C
68,35,B
37,49,B
18,49,C
38,35,C
82,93,A
49,16,C
67,55,B
62,60,B
11,51,C
96,26,B
97,19,B
86,52,B
83,33,B
67,72,B
77,70,A
60,69,B
58,63,B
56,86,A
43,21,C
19,99,B
19,89,B
94,12,B
13,11,C
80,72,A
37,80,B
88,76,A
50,10,C
47,52,B
25,84,B
36,79,B
29,54,B
93,97,A
11,58,C
95,51,A
70,84,A
96,18,B
12,40,C
78,56,B
89,73,A
43,30,C
37,80,B
17,28,C
62,96,A
72,59,B
59,99,A
61,58,B
50,17,C
64,41,B
60,49,B
36,26,C
68,16,B
81,80,A
38,82,B
69,84,A
56,99,A
32,82,B
91,43,B
76,87,A
98,41,B
37,60,B
83,84,A
25,81,B
91,59,A
55,76,B
46,50,B
95,90,A
72,75,A
51,66,B
58,88,A
59,78,B
89,37,B
66,71,B
48,29,C
11,42,C
99,11,B
90,38,B
24,46,C
31,21,C
100,69,A
90,98,A
62,95,A
16,76,B
29,51,B
51,71,B
60,53,B
87,77,A
35,25,C
24,52,C
80,46,B
20,43,C
74,62,B
72,92,A
35,75,B
72,50,B
26,25,C
95,46,A
49,31,B
79,95,A
79,66,A
83,66,A
66,78,A
46,90,B
40,11,C
23,91,B
17,82,B
85,50,B
51,80,B
34,41,C
17,87,B
61,21,B
82,82,A
89,92,A
45,36,B
65,90,A
99,72,A
65,71,B
89,31,B
89,51,A
23,80,B
32,95,B
28,60,B
92,26,B
43,70,B
81,99,A
50,90,A
69,76,A
15,92,B
11,70,B
69,48,B
12,71,B
29,100,B
68,64,B
22,62,B
55,99,A
78,93,A
14,52,C
25,97,B
69,90,A
24,53,C
65,77,A
24,100,B
30,35,C
11,12,C
83,84,A
16,76,B
33,27,C
27,49,C
86,95,A
68,65,B
54,43,B
63,50,B
52,97,A
17,70,B
64,81,A
97,14,B
17,50,C
20,36,C
15,13,C
25,13,C
16,32,C
79,67,A
65,82,A
73,91,A
84,72,A
42,81,B
13,35,C
78,94,A
66,71,B
64,82,A
38,97,B
93,81,A
66,89,A
23,76,B
67,16,B
41,11,C
28,36,C
63,14,C
34,38,C
31,96,B
25,41,C
15,26,C
38,47,B
95,12,B
82,24,B
21,41,C
96,87,A
62,55,B
30,22,C
33,55,B
81,49,B
49,47,B
66,10,C
64,84,A
29,97,B
39,81,B
86,15,B
58,71,B
97,81,A
25,34,C
53,14,C
22,72,B
10,21,C
98,69,A
61,35,B
78,92,A
89,45,B
64,62,B
33,95,B
66,79,A
56,48,B
20,36,C
49,45,B
11,62,C
23,94,B
21,65,B
64,33,B
80,50,B
75,91,A
75,86,A
25,16,C
63,32,B
23,45,C
71,44,B
14,74,B
80,83,A
41,67,B
84,67,A
99,83,A
46,66,B
58,83,A
88,46,B
45,92,B
44,48,B
77,43,B
83,50,B
91,13,B
52,49,B
50,11,C
80,65,A
38,64,B
39,15,C
23,82,B
45,82,B
24,92,B
31,46,C
73,36,B
55,53,B
91,87,A
54,26,B
11,58,C
54,16,C
49,35,B
69,54,B
62,43,B
63,16,C
11,29,C
15,57,C
61,69,B
78,81,A
33,88,B
75,76,A
11,39,C
19,34,C
93,75,A
46,41,B
86,95,A
95,94,A
30,65,B
85,97,A
51,78,B
50,22,C
15,13,C
72,92,A
83,50,B
94,12,B
19,36,C
87,85,A
78,18,B
61,64,B
29,54,B
59,95,A
48,31,C
80,53,B
35,93,B
33,41,C
28,15,C
10,24,C
73,23,B
63,60,B
25,69,B
11,68,C
42,82,B
79,43,B
91,62,A
50,90,A
80,12,B
81,100,A
44,90,B
77,35,B
14,84,B
63,91,A
51,45,B
34,57,B
17,26,C
23,47,C
12,58,C
87,92,A
17,64,B
18,74,B
78,43,B
64,42,B
82,78,A
73,61,B
41,92,B
84,65,A
37,85,B
34,95,B
30,60,B
14,48,C
21,59,B
87,72,A
84,78,A
89,61,A
98,30,B
92,47,B
23,56,C
92,100,A
36,68,B
90,48,B
33,70,B
18,50,C
61,20,B
83,39,B
84,39,B
43,64,B
74,54,B
21,18,C
91,13,B
37,51,B
53,12,C
24,90,B
70,80,A
54,62,B
49,62,B
92,80,A
72,14,B
42,95,B
22,28,C
17,38,C
41,11,C
46,26,C
71,67,B
32,41,C
98,81,A
99,92,A
38,70,B
79,38,B
57,38,B
31,33,C
17,41,C
84,23,B
39,83,B
40,24,C
42,35,C
23,60,B
45,63,B
37,32,C
74,65,B
38,94,B
17,19,C
51,55,B
82,13,B
22,88,B
57,73,B
38,12,C
82,35,B
60,43,B
92,32,B
25,99,B
84,72,A
45,56,B
60,74,B
12,41,C
36,27,C
94,15,B
75,65,A
47,24,C
33,55,B
41,24,C
24,30,C
93,43,B
61,97,A
23,39,C
26,78,B
53,81,B
34,76,B
14,70,B
97,12,B
65,56,B
58,13,C
100,18,B
44,91,B
60,76,B
72,71,A
51,26,C
100,68,A
44,83,B
78,83,A
88,35,B
84,37,B
94,50,A
25,64,B
21,99,B
11,100,B
65,99,A
64,40,B
37,51,B
46,23,C
65,82,A
10,46,C
67,54,B
72,72,A
64,25,B
23,52,C
48,15,C
59,55,B
30,36,C
90,64,A
35,55,B
19,72,B
27,39,C
86,51,B
60,40,B
61,64,B
48,55,B
98,26,B
16,53,C
98,27,B
57,31,B
96,49,A
10,75,B
74,66,A
78,58,B
40,69,B
58,75,B
91,69,A
60,70,B
44,98,A
73,73,A
75,50,B
81,17,B
75,48,B
24,31,C
30,68,B
94,59,A
36,72,B
84,31,B
38,28,C
71,72,A
42,43,B
90,63,A
65,63,B
70,34,B
29,66,B
26,94,B
99,38,B
66,42,B
63,34,B
71,75,A
61,45,B
21,50,C
80,17,B
94,84,A
75,34,B
23,66,B
68,90,A
62,60,B
92,46,B
64,29,B
28,68,B
90,23,B
94,52,A
55,61,B
35,15,C
90,61,A
11,95,B
23,47,C
67,84,A
41,27,C
92,59,A
19,14,C
70,40,B
81,62,A
88,93,A
98,67,A
42,16,C
47,34,B
98,86,A
87,89,A
82,33,B
46,92,B
20,68,B
49,61,B
60,83,A
80,68,A
61,59,B
86,84,A
38,13,C
17,43,C
44,81,B
23,54,C
73,26,B
65,13,C
70,76,A
31,81,B
13,25,C
63,87,A
10,44,C
43,75,B
34,100,B
63,53,B
96,42,B
84,33,B
79,28,B
29,26,C
98,60,A
20,27,C
60,89,A
69,68,B
95,90,A
60,39,B
71,16,B
53,46,B
27,86,B
99,82,A
21,24,C
95,65,A
70,43,B
77,21,B
66,36,B
35,41,C
60,62,B
56,76,B
57,58,B
55,98,A
31,26,C
63,78,A
15,44,C
95,28,B
28,15,C
45,38,B
82,44,B
99,53,A
20,84,B
41,79,B
39,91,B
48,75,B
59,48,B
81,100,A
52,81,B
49,100,A
20,64,B
79,60,B
87,34,B
53,26,C
79,64,A
38,100,B
25,20,C
72,35,B
76,17,B
98,24,B
78,49,B
37,91,B
83,61,A
84,74,A
95,38,B
41,99,A
90,98,A
15,46,C
71,50,B
97,74,A
10,28,C
72,19,B
91,35,B
43,40,B
18,64,B
66,55,B
14,31,C
26,47,C
28,19,C
87,80,A
66,68,B
75,79,A
69,47,B
61,65,B
31,71,B
82,92,A
83,22,B
24,16,C
61,20,B
36,54,B
41,75,B
24,52,C
38,37,C
77,57,B
31,46,C
28,33,C
17,70,B
13,37,C
66,38,B
50,81,B
76,80,A
51,63,B
61,23,B
36,90,B
70,100,A
75,27,B
25,88,B
28,14,C
71,56,B
69,38,B
62,46,B
25,85,B
79,90,A
82,96,A
33,51,B
78,14,B
68,66,B
46,26,C
28,50,C
10,73,B
55,30,B
36,81,B
62,52,B
59,19,C
14,43,C
97,22,B
40,13,C
72,99,A
80,19,B
63,62,B
12,96,B
30,48,C
39,71,B
59,67,B
96,20,B
55,15,C
40,53,B
92,98,A
29,46,C
71,86,A
75,16,B
25,17,C
51,73,B
19,91,B
30,31,C
87,85,A
50,45,B
31,50,B
24,58,B
52,43,B
96,98,A
38,42,B
29,38,C
34,94,B
15,27,C
88,12,B
96,26,B
44,31,C
56,77,B
72,57,B
17,47,C
85,16,B
65,11,C
58,81,B
87,85,A
68,54,B
18,71,B
86,87,A
96,17,B
94,21,B
32,37,C
47,62,B
27,29,C
26,47,C
78,23,B
86,90,A
68,24,B
18,51,C
95,74,A
84,18,B
41,75,B
93,60,A
44,43,B
58,12,C
10,83,B
86,82,A
71,17,B
53,76,B
76,55,B
99,99,A
90,40,B
27,88,B
96,68,A
73,71,A
12,18,C
23,50,C
43,10,C
47,80,B
74,16,B
79,75,A
71,61,B
31,72,B
74,41,B
69,30,B
55,73,B
25,36,C
87,97,A
12,62,C
74,81,A
99,56,A
14,14,C
70,33,B
65,38,B
99,46,A
87,44,B
17,91,B
75,45,B
46,42,B
100,38,B
40,25,C
73,77,A
29,67,B
80,48,B
62,57,B
20,26,C
99,44,A
72,27,B
65,90,A
13,71,B
33,33,C
15,22,C
70,73,A
81,56,B
13,37,C
75,83,A
67,24,B
90,66,A
13,49,C
53,80,B
23,89,B
20,33,C
100,31,B
14,66,B
38,68,B
68,61,B
23,24,C
71,19,B
15,38,C
15,28,C
50,16,C
55,13,C
42,10,C
50,30,B
84,44,B
90,39,B
53,78,B
65,45,B
94,30,B
64,87,A
77,33,B
82,74,A
45,63,B
36,12,C
68,75,A
95,42,B
22,72,B
96,39,B
27,24,C
69,29,B
79,40,B
67,33,B
84,87,A
17,97,B
58,31,B
40,66,B
88,38,B
89,35,B
78,26,B
98,89,A
55,39,B
12,76,B
13,97,B
44,28,C
76,60,B
70,81,A
59,83,A
87,34,B
71,77,A
89,41,B
40,23,C
98,13,B
18,67,B
79,62,A
72,70,A
22,46,C
68,37,B
24,15,C
65,79,A
79,53,B
66,42,B
82,88,A
58,51,B
81,39,B
84,76,A
20,33,C
67,62,B
68,29,B
22,62,B
31,73,B
47,71,B
52,59,B
55,27,B
72,23,B
54,67,B
79,67,A
74,99,A
19,72,B
44,73,B
20,94,B
60,94,A
57,66,B
83,33,B
14,49,C
35,10,C
20,73,B
27,58,B
42,95,B
36,79,B
94,60,A
98,94,A
55,72,B
76,40,B
37,39,C
99,58,A
31,87,B
60,46,B
54,47,B
100,67,A
26,38,C
91,71,A
85,15,B
73,51,B
71,100,A
69,93,A
52,35,B
42,49,B
31,14,C
97,48,A
75,99,A
77,25,B
48,71,B
30,52,B
37,90,B
31,94,B
93,68,A
53,32,B
64,89,A
26,76,B
67,50,B
31,21,C
77,36,B
35,58,B
67,44,B
60,71,B
73,23,B
40,82,B
35,69,B
83,88,A
69,22,B
26,39,C
42,48,B
25,21,C
58,33,B
67,61,B
73,20,B
47,48,B
94,25,B
80,52,B
26,79,B
87,54,A
18,46,C
21,89,B
25,62,B
98,89,A
78,22,B
62,51,B
77,24,B
12,53,C
88,13,B
71,91,A
42,65,B
99,17,B
76,16,B
48,10,C
33,69,B
47,20,C
54,81,B
70,90,A
29,37,C
80,58,B
57,77,B
46,69,B
15,88,B
32,39,C
31,72,B
86,18,B
68,86,A
24,20,C
38,64,B
58,33,B
42,65,B
77,24,B
23,19,C
70,30,B
51,26,C
55,59,B
21,63,B
25,60,B
18,63,B
79,84,A
76,94,A
88,38,B
32,95,B
98,67,A
38,14,C
100,51,A
30,48,C
38,47,B
70,51,B
93,58,A
86,93,A
97,26,B
82,25,B
89,72,A
53,51,B
43,22,C
84,98,A
65,74,B
36,93,B
41,37,C
39,32,C
67,42,B
21,95,B
94,12,B
69,54,B
23,81,B
40,31,C
33,78,B
68,37,B
35,89,B
60,73,B
70,73,A
29,22,C
10,76,B
20,59,C
38,47,B
50,35,B
25,80,B
76,84,A
61,57,B
29,82,B
17,73,B
73,45,B
91,46,B
49,64,B
56,26,B
97,12,B
91,87,A
16,85,B
73,77,A
71,86,A
42,92,B
94,20,B
47,18,C
92,65,A
10,38,C
80,30,B
17,12,C
31,65,B
80,81,A
40,36,C
66,80,A
25,71,B
38,50,B
89,21,B
69,27,B
54,64,B
57,26,B
29,41,C
17,15,C
19,66,B
66,15,B
57,19,C
27,68,B
79,27,B
47,48,B
99,51,A
76,93,A
32,15,C
40,73,B
98,47,A
34,36,C
63,78,A
33,18,C
66,53,B
22,76,B
63,97,A
86,79,A
70,93,A
59,60,B
95,37,B
14,40,C
57,47,B
88,29,B
13,72,B
23,100,B
58,74,B
65,42,B
53,44,B
77,16,B
82,26,B
59,68,B
34,67,B
41,52,B
18,14,C
29,18,C
55,40,B
68,51,B
60,32,B
93,48,A
92,93,A
50,35,B
16,94,B
25,55,B
19,71,B
95,24,B
60,17,C
73,22,B
96,43,B
67,35,B
81,67,A
20,36,C
67,90,A
11,44,C
40,78,B
44,23,C
25,40,C
46,59,B
19,43,C
48,84,B
17,61,C
41,48,B
84,69,A
73,27,B
58,54,B
64,10,C
50,47,B
82,22,B
99,41,A
24,64,B
95,80,A
72,93,A
13,64,C
77,56,B
42,25,C
46,53,B
24,81,B
51,70,B
86,56,A
94,86,A
71,97,A
43,51,B
74,79,A
48,85,B
48,49,B
12,73,B
57,42,B
62,98,A
19,16,C
43,99,A
65,78,A
84,69,A
19,41,C
96,46,A
45,61,B
85,93,A
88,93,A
36,85,B
42,72,B
42,73,B
29,79,B
78,100,A
17,88,B
81,65,A
63,11,C
77,55,B
27,23,C
87,82,A
34,67,B
29,81,B
43,11,C
28,73,B
50,12,C
95,18,B
25,26,C
53,46,B
24,45,C
27,32,C
75,18,B
94,35,B
50,44,B
55,29,B
26,39,C
56,91,A
95,90,A
67,28,B
78,96,A
58,45,B
42,96,B
26,87,B
67,29,B
76,54,B
10,66,C
90,52,A
33,62,B
17,14,C
65,42,B
80,20,B
28,21,C
31,96,B
81,71,A
18,79,B
48,86,B
89,31,B
96,34,B
88,29,B
37,59,B
78,41,B
84,86,A
33,58,B
27,45,C
71,14,B
45,98,A
67,36,B
87,22,B
59,93,A
70,23,B
76,19,B
23,14,C
91,37,B
90,30,B
64,50,B
65,45,B
49,16,C
18,16,C
27,73,B
87,22,B
65,94,A
15,43,C
90,36,B
36,81,B
89,27,B
96,43,B
21,92,B
97,61,A
52,94,A
17,34,C
56,13,C
12,44,C
69,10,C
39,67,B
36,21,C
79,81,A
20,54,C
78,84,A
95,93,A
97,30,B
86,46,B
85,95,A
24,46,C
43,57,B
45,61,B
19,11,C
94,83,A
100,50,A
23,98,B
22,93,B
10,88,B
91,39,B
36,75,B
42,88,B
32,10,C
63,97,A
90,68,A
55,67,B
70,76,A
27,79,B
26,82,B
15,22,C
38,64,B
69,63,B
73,21,B
41,40,B
30,57,B
100,31,B
37,77,B
36,46,B
15,82,B
82,99,A
99,95,A
60,24,B
58,46,B
25,53,C
83,97,A
79,16,B
30,76,B
87,28,B
92,98,A
65,65,B
38,74,B
77,29,B
78,96,A
89,34,B
12,98,B
93,26,B
71,83,A
88,66,A
69,100,A
33,38,C
69,56,B
73,20,B
39,38,C
16,61,C
50,35,B
17,11,C
22,91,B
69,45,B
31,46,C
15,71,B
97,41,B
61,33,B
52,60,B
59,36,B
82,60,A
34,37,C
83,94,A
69,78,A
17,73,B
55,86,A
72,93,A
73,54,B
81,32,B
84,42,B
89,68,A
75,31,B
35,39,C
13,98,B
41,45,B
26,21,C
96,15,B
88,94,A
48,34,B
38,55,B
25,92,B
67,91,A
82,64,A
83,80,A
81,96,A
72,85,A
93,94,A
39,32,C
80,11,B
93,54,A
90,79,A
76,62,B
100,24,B
39,58,B
58,83,A
86,46,B
14,13,C
28,45,C
19,17,C
98,48,A
83,79,A
49,10,C
74,73,A
31,19,C
68,22,B
34,72,B
80,42,B
10,93,B
35,28,C
52,86,B
98,61,A
96,97,A
97,89,A
12,33,C
24,35,C
10,26,C
61,71,B
32,63,B
49,46,B
16,32,C
59,63,B
59,60,B
22,85,B
74,55,B
100,89,A
39,27,C
36,30,C
18,58,C
59,20,C
24,45,C
35,44,C
51,31,B
85,94,A
60,21,B
52,100,A
53,50,B
57,26,B
75,25,B
45,65,B
67,80,A
86,16,B
26,77,B
50,17,C
30,13,C
28,41,C
42,83,B
28,53,B
31,19,C
39,32,C
72,23,B
31,50,B
93,43,B
41,95,B
27,54,B
45,50,B
34,50,B
57,78,B
22,43,C
86,22,B
47,18,C
83,37,B
62,83,A
96,39,B
67,95,A
18,52,C
32,40,C
94,94,A
94,99,A
91,62,A
59,96,A
18,74,B
22,93,B
64,85,A
74,34,B
78,100,A
31,18,C
70,50,B
96,93,A
54,86,A
15,88,B
39,30,C
24,78,B
52,50,B
90,10,B
82,71,A
20,92,B
97,31,B
30,82,B
70,89,A
94,95,A
63,45,B
53,46,B
98,31,B
44,98,A
60,44,B
67,88,A
25,25,C
82,85,A
92,99,A
27,21,C
16,72,B
20,57,C
48,11,C
85,35,B
19,50,C
99,84,A
79,92,A
65,94,A
87,49,B
92,33,B
62,11,C
58,65,B
21,44,C
67,77,A
87,54,A
24,79,B
90,30,B
30,19,C
80,100,A
11,33,C
68,62,B
22,59,B
57,70,B
59,40,B
20,88,B
100,16,B
78,26,B
72,74,A
55,68,B
46,21,C
60,17,C
93,71,A
81,38,B
22,65,B
42,100,A
100,51,A
69,91,A
78,99,A
44,93,B
25,39,C
61,99,A
38,59,B
44,83,B
82,11,B
45,99,A
77,43,B
59,62,B
69,32,B
19,95,B
18,72,B
54,77,B
53,33,B
50,22,C
87,70,A
20,77,B
52,10,C
75,82,A
12,39,C
27,99,B
25,18,C
51,40,B
69,39,B
98,89,A
35,49,B
65,43,B
41,24,C
11,83,B
52,88,A
79,77,A
63,26,B
37,67,B
62,20,B
54,75,B
11,76,B
80,96,A
66,65,B
55,73,B
52,90,A
27,46,C
70,50,B
55,66,B
71,19,B
63,97,A
50,49,B
47,19,C
90,41,B
19,62,B
89,28,B
52,86,B
28,37,C
94,99,A
40,57,B
49,20,C
64,77,A
78,10,B
16,40,C
75,54,B
42,15,C
34,48,B
39,24,C
42,70,B
76,54,B
60,30,B
29,24,C
71,63,B
46,89,B
77,57,B
64,21,B
48,56,B
35,13,C
54,59,B
80,44,B
50,12,C
76,55,B
91,98,A
84,89,A
33,83,B
41,77,B
48,15,C
90,92,A
76,86,A
59,58,B
56,15,C
55,30,B
52,22,C
81,22,B
37,55,B
13,39,C
19,59,C
44,35,C
75,57,B
81,64,A
24,34,C
67,41,B
29,87,B
73,100,A
35,87,B
30,35,C
62,10,C
72,19,B
88,93,A
92,41,B
48,59,B
79,51,B
22,21,C
75,42,B
61,100,A
92,26,B
42,35,C
57,90,A
71,71,A
30,43,C
39,55,B
49,26,C
56,92,A
69,83,A
33,88,B
17,40,C
73,51,B
94,19,B
65,93,A
35,62,B
99,19,B
86,92,A
29,76,B
65,99,A
88,97,A
98,91,A
36,24,C
35,51,B
67,64,B
52,81,B
27,51,C
81,89,A
56,15,C
96,88,A
80,44,B
95,90,A
62,69,B
35,53,B
78,96,A
18,94,B
32,82,B
97,78,A
44,96,A
72,76,A
33,52,B
11,71,B
99,41,A
80,71,A
94,30,B
38,74,B
73,29,B
99,25,B
43,37,B
86,73,A
92,90,A
86,21,B
68,16,B
13,67,B
55,18,C
81,50,B
44,97,A
52,80,B
82,88,A
52,55,B
43,55,B
69,58,B
36,25,C
27,91,B
62,52,B
35,68,B
54,71,B
32,14,C
65,65,B
25,16,C
89,68,A
20,56,C
82,27,B
28,35,C
66,80,A
40,70,B
50,99,A
66,54,B
14,17,C
11,98,B
46,20,C
89,82,A
36,26,C
72,57,B
17,52,C
50,89,B
87,70,A
37,81,B
84,93,A
55,83,B
36,70,B
47,60,B
20,35,C
100,57,A
69,85,A
11,88,B
74,41,B
27,91,B
15,50,C
77,81,A
12,47,C
30,41,C
31,83,B
39,17,C
99,48,A
26,65,B
32,34,C
82,48,B
60,31,B
19,14,C
45,82,B
11,92,B
96,77,A
10,14,C
45,28,C
39,83,B
83,25,B
76,24,B
94,39,B
33,46,C
68,83,A
52,99,A
38,69,B
41,53,B
33,89,B
82,25,B
61,57,B
27,48,C
82,25,B
81,62,A
10,98,B
51,77,B
47,88,B
43,93,B
14,76,B
15,78,B
71,79,A
69,22,B
60,44,B
63,42,B
98,86,A
38,11,C
16,25,C
90,91,A
35,78,B
46,59,B
21,84,B
92,61,A
51,43,B
80,14,B
74,81,A
32,50,B
25,57,B
64,33,B
51,76,B
73,51,B
56,89,A
36,59,B
79,29,B
96,71,A
86,46,B
22,99,B
85,100,A
80,68,A
72,51,B
71,28,B
74,42,B
95,84,A
23,50,C
82,21,B
29,86,B
18,49,C
94,51,A
24,22,C
88,91,A
71,57,B
50,49,B
52,78,B
36,87,B
14,19,C
54,78,B
72,14,B
86,28,B
51,28,C
72,17,B
59,22,B
91,60,A
43,61,B
64,85,A
25,21,C
30,53,B
43,96,B
45,40,B
26,79,B
73,94,A
89,33,B
34,39,C
54,83,B
96,22,B
71,78,A
60,67,B
30,10,C
13,40,C
26,34,C
46,53,B
98,21,B
69,61,B
16,84,B
26,27,C
99,13,B
81,96,A
36,58,B
49,43,B
88,80,A
77,69,A
100,47,A
10,65,C
55,33,B
99,81,A
68,57,B
24,35,C
73,25,B
62,72,B
54,87,A
54,37,B
48,51,B
60,57,B
48,16,C
12,67,C
31,17,C
54,78,B
70,22,B
63,79,A
19,70,B
47,90,B
40,40,B
35,35,C
14,81,B
51,19,C
100,57,A
11,63,C
44,89,B
16,17,C
36,58,B
22,24,C
98,41,B
46,47,B
49,92,A
58,60,B
48,49,B
27,44,C
35,98,B
72,16,B
74,73,A
14,55,C
59,20,C
41,10,C
19,99,B
72,79,A
40,40,B
24,42,C
91,32,B
36,29,C
100,33,B
70,23,B
90,48,B
75,54,B
51,22,C
81,17,B
70,39,B
66,62,B
61,24,B
88,82,A
23,13,C
34,39,C
20,70,B
93,19,B
16,56,C
35,95,B
25,21,C
78,23,B
63,17,B
14,75,B
72,81,A
14,81,B
58,80,B
90,52,A
22,63,B
81,44,B
57,23,B
86,58,A
25,27,C
90,81,A
43,92,B
29,62,B
51,43,B
61,80,A
62,27,B
89,21,B
56,20,C
82,54,B
23,32,C
56,40,B
32,88,B
13,85,B
31,73,B
74,12,B
60,84,A
36,20,C
84,20,B
47,42,B
74,12,B
74,44,B
77,66,A
30,25,C
71,63,B
12,55,C
74,12,B
62,79,A
21,30,C
22,39,C
57,42,B
33,93,B
97,86,A
31,38,C
59,16,C
10,95,B
75,27,B
52,74,B
29,18,C
11,51,C
51,46,B
24,28,C
45,15,C
41,70,B
39,96,B
57,36,B
20,24,C
14,50,C
80,32,B
40,52,B
69,94,A
77,73,A
70,20,B
72,13,B
69,32,B
53,53,B
30,47,C
71,66,B
21,14,C
100,34,B
89,77,A
58,56,B
60,72,B
68,13,B
57,85,A
61,30,B
78,59,B
36,34,C
79,61,A
27,71,B
31,50,B
51,74,B
13,94,B
38,65,B
37,92,B
35,68,B
25,58,B
50,53,B
89,41,B
18,67,B
64,84,A
63,89,A
80,93,A
15,86,B
96,98,A
47,78,B
91,20,B
100,84,A
62,90,A
29,94,B
49,47,B
73,76,A
28,78,B
44,10,C
63,73,B
39,72,B
17,71,B
65,18,B
26,76,B
85,74,A
85,30,B
88,25,B
20,47,C
82,14,B
17,50,C
66,71,B
49,15,C
26,11,C
83,44,B
47,86,B
21,22,C
20,81,B
66,23,B
20,47,C
48,82,B
12,54,C
100,49,A
54,98,A
62,82,A
65,12,C
35,83,B
51,85,B
68,84,A
15,57,C
56,71,B
18,47,C
75,78,A
39,51,B
77,21,B
39,88,B
96,45,A
19,28,C
19,34,C
27,84,B
95,59,A
85,91,A
18,46,C
12,75,B
23,62,B
70,17,B
28,94,B
12,59,C
18,94,B
38,79,B
53,89,A
69,41,B
25,98,B
21,94,B
64,35,B
59,76,B
99,66,A
97,43,A
77,63,A
58,64,B
11,48,C
53,23,C
65,55,B
43,47,B
37,12,C
87,94,A
76,76,A
31,34,C
44,74,B
99,25,B
79,56,B
37,48,B
71,71,A
19,19,C
85,56,A
83,13,B
49,36,B
73,38,B
57,96,A
99,71,A
27,41,C
66,46,B
84,59,A
24,47,C
77,21,B
26,96,B
65,44,B
60,62,B
86,35,B
61,57,B
40,45,B
25,51,C
64,97,A
17,24,C
77,72,A
50,90,A
30,91,B
29,71,B
73,74,A
35,46,B
40,57,B
19,74,B
21,28,C
24,53,C
31,85,B
62,48,B
63,28,B
50,92,A
87,43,B
47,30,C
16,40,C
47,30,C
57,83,A
27,91,B
64,12,C
84,10,B
35,74,B
49,91,A
85,100,A
98,26,B
55,94,A
17,24,C
71,48,B
73,42,B
85,20,B
34,12,C
54,43,B
91,68,A
59,35,B
83,30,B
18,43,C
97,41,B
83,34,B
43,72,B
52,64,B
50,72,B
63,18,B
69,66,B
92,52,A
96,86,A
15,54,C
86,63,A
20,17,C
24,83,B
98,70,A
82,20,B
49,30,C
50,96,A
99,13,B
97,28,B
64,59,B
56,63,B
14,30,C
29,36,C
24,83,B
58,50,B
75,65,A
34,39,C
30,74,B
64,87,A
97,40,B
38,68,B
83,56,B
53,52,B
71,26,B
86,84,A
54,45,B
31,70,B
44,54,B
70,92,A
63,98,A
21,63,B
83,69,A
75,17,B
35,56,B
87,86,A
40,63,B
67,77,A
17,49,C
36,83,B
64,83,A
47,26,C
96,22,B
97,62,A
11,47,C
40,72,B
36,57,B
83,97,A
83,48,B
94,94,A
23,23,C
49,96,A
39,96,B
72,39,B
33,74,B
40,94,B
42,76,B
92,47,B
80,100,A
82,79,A
100,13,B
18,98,B
75,13,B
26,71,B
60,92,A
66,72,B
67,26,B
92,51,A
16,98,B
58,25,B
22,66,B
20,96,B
64,81,A
58,61,B
40,63,B
43,48,B
15,88,B
12,63,C
40,46,B
51,83,B
91,36,B
44,36,B
15,81,B
30,32,C
13,34,C
19,64,B
65,94,A
86,39,B
72,88,A
78,91,A
65,83,A
73,61,B
81,36,B
50,23,C
21,44,C
21,33,C
45,60,B
90,19,B
72,26,B
72,99,A
10,73,B
39,11,C
23,16,C
22,39,C
68,72,A
24,16,C
22,73,B
94,33,B
41,53,B
11,49,C
87,98,A
37,74,B
54,84,B
40,89,B
21,63,B
46,53,B
66,35,B
93,82,A
88,14,B
59,94,A
78,52,B
19,45,C
88,18,B
63,82,A
46,98,A
54,61,B
44,55,B
37,86,B
15,88,B
96,53,A
64,55,B
61,61,B
30,60,B
23,29,C
23,24,C
80,90,A
68,48,B
76,12,B
87,19,B
70,60,B
91,19,B
11,62,C
70,23,B
34,98,B
45,19,C
25,82,B
13,26,C
24,55,C
34,32,C
21,46,C
27,28,C
54,96,A
26,74,B
35,59,B
21,59,B
10,28,C
100,31,B
70,55,B
73,50,B
24,63,B
68,42,B
34,35,C
75,34,B
84,76,A
89,41,B
75,46,B
13,75,B
68,44,B
100,69,A
37,71,B
75,52,B
80,82,A
81,42,B
43,99,A
31,100,B
87,24,B
67,78,A
70,62,B
63,72,B
73,58,B
59,81,A
79,19,B
68,38,B
73,22,B
12,39,C
94,37,B
76,38,B
31,54,B
36,50,B
44,74,B
34,68,B
16,13,C
80,53,B
74,63,B
59,66,B
41,39,B
70,61,B
51,42,B
44,93,B
65,38,B
17,64,B
81,84,A
94,30,B
12,75,B
61,80,A
41,19,C
76,70,A
39,28,C
69,58,B
16,84,B
76,76,A
86,84,A
95,71,A
35,15,C
91,84,A
71,80,A
77,61,B
48,78,B
13,13,C
55,52,B
29,68,B
96,92,A
82,77,A
93,44,B
20,29,C
92,81,A
26,16,C
85,52,B
37,51,B
74,32,B
38,76,B
34,34,C
70,65,B
68,23,B
87,44,B
49,23,C
46,55,B
82,10,B
48,77,B
91,69,A
44,92,B
68,55,B
82,57,B
10,36,C
34,93,B
64,44,B
58,51,B
60,77,B
41,83,B
16,40,C
20,94,B
12,78,B
15,34,C
83,32,B
84,83,A
53,37,B
51,30,B
27,93,B
40,16,C
72,57,B
69,87,A
97,93,A
68,64,B
17,85,B
81,59,A
92,19,B
68,88,A
47,34,B
78,95,A
66,19,B
75,99,A
18,51,C
100,66,A
61,73,B
21,32,C
10,68,C
88,15,B
28,83,B
41,53,B
27,64,B
57,98,A
70,76,A
62,98,A
23,18,C
90,37,B
73,51,B
44,22,C
86,14,B
98,67,A
94,21,B
80,99,A
98,30,B
64,47,B
21,22,C
90,83,A
48,20,C
44,32,C
58,32,B
35,53,B
99,52,A
23,41,C
41,99,A
23,80,B
60,89,A
96,96,A
27,51,C
59,48,B
74,74,A
69,77,A
14,14,C
94,37,B
30,52,B
42,32,C
38,36,C
86,10,B
29,51,B
61,49,B
25,19,C
10,63,C
50,35,B
78,36,B
77,39,B
64,15,C
62,56,B
80,61,A
80,96,A
100,98,A
13,86,B
18,35,C
86,53,B
63,70,B
93,47,A
86,35,B
76,58,B
96,82,A
81,10,B
64,97,A
37,26,C
76,71,A
99,71,A
82,24,B
50,63,B
25,96,B
30,39,C
27,58,B
61,46,B
25,34,C
38,57,B
29,39,C
73,29,B
28,90,B
64,44,B
42,80,B
53,13,C
31,83,B
18,54,C
44,11,C
35,49,B
13,78,B
73,11,B
57,10,C
85,41,B
71,97,A
53,78,B
92,62,A
75,64,B
94,44,B
15,90,B
53,32,B
80,17,B
10,74,B
37,32,C
90,40,B
70,20,B
28,66,B
53,100,A
64,22,B
82,29,B
75,41,B
42,12,C
77,81,A
48,61,B
41,49,B
81,63,A
96,89,A
86,18,B
70,55,B
11,23,C
49,66,B
91,26,B
57,23,B
98,38,B
47,76,B
43,90,B
42,67,B
25,59,B
82,30,B
23,94,B
22,68,B
38,77,B
72,52,B
33,97,B
85,20,B
83,93,A
43,86,B
92,88,A
34,20,C
25,63,B
27,44,C
29,36,C
82,34,B
82,80,A
54,67,B
99,27,B
68,90,A
41,55,B
21,29,C
98,48,A
56,96,A
79,74,A
95,75,A
24,42,C
38,26,C
60,81,A
40,39,C
81,95,A
100,86,A
97,43,A
79,71,A
81,69,A
70,66,B
15,82,B
76,65,A
74,93,A
89,37,B
27,49,C
34,97,B
71,34,B
43,28,C
56,70,B
78,23,B
18,11,C
94,47,A
38,58,B
66,53,B
43,43,B
80,11,B
88,83,A
30,42,C
81,50,B
74,33,B
86,24,B
14,91,B
17,75,B
20,95,B
33,83,B
76,79,A
84,41,B
32,14,C
31,37,C
32,49,B
99,82,A
48,36,B
54,43,B
89,82,A
36,22,C
66,60,B
75,91,A
87,76,A
98,62,A
51,11,C
77,71,A
51,23,C
66,95,A
26,54,B
34,44,C
20,62,B
64,56,B
57,54,B
50,46,B
47,83,B
93,41,B
35,36,C
34,11,C
52,32,B
86,81,A
94,93,A
94,20,B
83,29,B
41,81,B
35,75,B
80,47,B
43,42,B
60,32,B
32,81,B
60,45,B
62,35,B
57,49,B
76,26,B
12,79,B
74,73,A
44,37,B
28,25,C
79,16,B
27,55,B
86,98,A
47,49,B
83,61,A
85,72,A
71,73,A
63,69,B
42,31,C
32,61,B
61,21,B
81,20,B
88,32,B
45,92,B
42,62,B
70,66,B
56,70,B
62,34,B
33,54,B
22,60,B
21,80,B
87,25,B
45,62,B
75,57,B
49,100,A
70,72,A
38,52,B
47,26,C
94,44,B
75,67,A
37,72,B
81,93,A
64,36,B
25,41,C
25,83,B
71,54,B
32,20,C
69,68,B
92,41,B
41,41,B
60,79,B
97,72,A
25,89,B
36,14,C
70,14,B
42,57,B
67,94,A
84,15,B
77,96,A
59,21,B
42,87,B
82,54,B
82,56,B
46,31,C
15,23,C
56,70,B
56,66,B
58,44,B
25,25,C
22,91,B
33,74,B
13,24,C
77,22,B
83,78,A
41,96,B
80,29,B
87,23,B
66,41,B
85,78,A
39,56,B
95,66,A
63,36,B
39,78,B
74,62,B
56,32,B
13,29,C
76,76,A
51,19,C
71,49,B
18,100,B
10,38,C
94,63,A
30,54,B
58,39,B
45,48,B
31,95,B
62,99,A
89,25,B
25,52,C
91,84,A
18,57,C
87,31,B
63,22,B
52,55,B
46,24,C
34,97,B
17,23,C
83,67,A
41,16,C
25,51,C
75,66,A
51,72,B
55,45,B
22,100,B
45,41,B
33,27,C
61,15,C
38,79,B
72,65,B
60,76,B
86,36,B
99,98,A
15,40,C
19,23,C
88,86,A
32,93,B
41,96,B
96,58,A
60,61,B
27,26,C
73,50,B
86,65,A
93,21,B
90,63,A
80,86,A
39,97,B
11,56,C
14,58,C
67,100,A
52,71,B
97,69,A
15,63,C
95,46,A
95,34,B
52,16,C
55,54,B
35,76,B
19,35,C
46,88,B
40,28,C
75,19,B
22,86,B
16,32,C
12,49,C
30,19,C
10,80,B
10,88,B
26,83,B
49,49,B
26,41,C
59,71,B
13,51,C
63,49,B
70,72,A
81,12,B
99,13,B
86,28,B
75,15,B
100,87,A
95,34,B
45,18,C
99,98,A
86,77,A
57,95,A
78,74,A
94,61,A
63,41,B
64,19,B
15,98,B
99,45,A
79,44,B
25,52,C
37,85,B
36,86,B
17,90,B
30,48,C
10,65,C
39,59,B
35,99,B
51,65,B
45,92,B
17,56,C
25,29,C
61,95,A
62,45,B
42,87,B
71,91,A
71,31,B
85,12,B
84,99,A
94,80,A
29,85,B
26,39,C
18,22,C
56,76,B
43,57,B
96,42,B
19,13,C
15,69,B
38,85,B
19,67,B
12,86,B
77,49,B
78,77,A
86,43,B
24,88,B
55,72,B
98,90,A
41,85,B
83,63,A
38,59,B
16,64,B
36,25,C
68,82,A
53,11,C
10,59,C
11,13,C
96,68,A
36,61,B
11,52,C
66,69,B
17,26,C
47,44,B
97,87,A
19,56,C
45,14,C
43,86,B
55,87,A
10,39,C
72,24,B
74,29,B
77,71,A
72,87,A
56,69,B
16,65,B
71,44,B
46,93,B
19,52,C
41,59,B
64,36,B
80,29,B
51,95,A
67,87,A
70,10,B
40,24,C
60,62,B
92,13,B
46,70,B
73,16,B
76,45,B
23,19,C
94,34,B
99,93,A
42,32,C
58,71,B
45,64,B
45,37,B
48,41,B
66,52,B
30,30,C
31,79,B
29,85,B
61,53,B
33,55,B
36,65,B
50,72,B
68,49,B
64,77,A
68,15,B
73,82,A
95,78,A
35,79,B
38,19,C
37,42,C
92,89,A
96,89,A
86,98,A
94,94,A
64,71,B
36,56,B
78,86,A
70,11,B
84,59,A
11,18,C
77,29,B
43,94,B
34,48,B
77,57,B
17,83,B
78,66,A
29,75,B
83,50,B
57,37,B
51,77,B
22,82,B
34,68,B
88,45,B
60,29,B
32,26,C
48,53,B
90,52,A
98,15,B
66,13,C
65,46,B
46,71,B
100,60,A
85,45,B
86,79,A
94,20,B
99,55,A
42,80,B
91,27,B
89,79,A
33,34,C
58,60,B
37,30,C
79,59,B
88,51,B
25,26,C
68,78,A
28,65,B
53,80,B
34,95,B
28,45,C
21,56,C
85,68,A
66,98,A
98,23,B
96,52,A
89,64,A
82,91,A
11,84,B
35,82,B
89,62,A
36,90,B
79,47,B
48,14,C
94,43,B
30,61,B
23,59,B
83,53,B
16,39,C
68,54,B
16,60,C
54,100,A
94,35,B
34,46,B
46,13,C
36,54,B
73,41,B
85,75,A
81,81,A
57,60,B
35,36,C
49,49,B
24,50,C
19,56,C
95,59,A
66,42,B
82,79,A
52,39,B
97,58,A
42,11,C
13,26,C
40,37,C
51,32,B
86,96,A
39,12,C
100,61,A
10,79,B
68,14,B
12,66,C
89,25,B
45,75,B
71,31,B
72,66,B
81,64,A
43,67,B
57,81,B
28,57,B
37,91,B
12,93,B
88,92,A
74,28,B
28,44,C
56,24,B
21,89,B
21,93,B
89,77,A
42,56,B
42,83,B
26,55,B
41,58,B
45,90,B
86,49,B
79,40,B
31,84,B
73,15,B
57,46,B
19,90,B
89,35,B
35,60,B
56,60,B
80,47,B
20,87,B
42,91,B
90,91,A
61,77,B
44,56,B
51,53,B
61,47,B
17,27,C
43,48,B
24,84,B
94,41,B
25,43,C
75,91,A
64,50,B
62,75,B
23,24,C
78,85,A
19,37,C
29,49,C
68,18,B
81,33,B
24,67,B
89,92,A
17,22,C
39,11,C
97,62,A
31,31,C
80,29,B
81,56,B
82,29,B
100,80,A
47,24,C
22,20,C
95,79,A
61,40,B
52,80,B
70,11,B
41,33,C
67,21,B
73,79,A
94,16,B
55,94,A
59,88,A
38,99,B
76,26,B
43,11,C
30,91,B
45,55,B
12,60,C
64,88,A
76,34,B
21,69,B
100,33,B
47,11,C
28,31,C
12,92,B
28,79,B
47,96,A
100,91,A
71,58,B
90,88,A
87,39,B
59,90,A
90,67,A
24,31,C
37,77,B
13,35,C
53,53,B
67,79,A
85,75,A
76,47,B
14,21,C
53,57,B
89,26,B
15,30,C
68,10,C
27,37,C
99,42,A
14,63,C
35,30,C
69,33,B
26,43,C
73,59,B
59,67,B
51,20,C
96,12,B
96,34,B
43,24,C
23,93,B
19,99,B
53,82,B
48,95,A
31,85,B
21,59,B
50,89,B
63,82,A
77,94,A
98,46,A
71,16,B
83,18,B
50,44,B
74,91,A
12,24,C
83,46,B
39,60,B
89,34,B
77,23,B
34,62,B
67,51,B
22,20,C
83,24,B
75,38,B
91,24,B
12,13,C
97,20,B
87,22,B
76,17,B
52,50,B
87,63,A
60,56,B
76,99,A
33,60,B
24,14,C
52,23,C
88,46,B
58,13,C
23,67,B
37,21,C
72,68,A
48,44,B
46,66,B
71,11,B
85,84,A
39,42,B
40,51,B
100,30,B
19,50,C
43,91,B
78,13,B
59,71,B
15,79,B
11,58,C
44,67,B
60,48,B
77,12,B
77,96,A
83,23,B
72,79,A
83,58,A
47,12,C
31,60,B
96,35,B
27,80,B
86,19,B
20,88,B
72,65,B
69,68,B
99,96,A
48,53,B
79,35,B
15,39,C
92,87,A
11,17,C
62,33,B
54,73,B
60,84,A
43,63,B
20,62,B
40,19,C
23,17,C
86,47,B
48,13,C
100,24,B
73,34,B
13,97,B
55,18,C
40,86,B
21,24,C
45,86,B
12,69,B
37,92,B
18,85,B
98,52,A
26,39,C
45,85,B
94,30,B
84,42,B
11,77,B
92,92,A
66,82,A
24,50,C
87,48,B
52,25,C
86,32,B
51,17,C
61,61,B
23,50,C
19,95,B
97,26,B
16,84,B
95,52,A
44,10,C
55,50,B
100,77,A
75,26,B
92,91,A
61,91,A
51,77,B
54,56,B
47,71,B
19,48,C
63,87,A
19,60,C
36,68,B
32,35,C
52,17,C
95,91,A
58,87,A
46,98,A
39,75,B
98,90,A
34,84,B
10,17,C
37,82,B
87,44,B
96,55,A
88,47,B
56,53,B
35,90,B
52,32,B
94,81,A
99,63,A
57,19,C
21,16,C
58,62,B
11,100,B
58,19,C
67,13,B
83,32,B
60,69,B
43,20,C
74,85,A
61,48,B
25,35,C
44,98,A
93,95,A
61,57,B
13,13,C
93,41,B
22,95,B
48,34,B
77,43,B
79,71,A
71,77,A
62,17,C
11,23,C
61,80,A
80,46,B
89,87,A
88,72,A
60,17,C
50,45,B
25,70,B
72,45,B
12,19,C
21,98,B
47,62,B
14,81,B
47,49,B
30,75,B
62,23,B
51,93,A
53,62,B
57,93,A
66,41,B
45,97,A
55,20,C
84,48,B
60,90,A
16,41,C
12,29,C
54,38,B
38,67,B
10,32,C
43,52,B
10,37,C
68,26,B
39,57,B
43,65,B
31,28,C
56,79,B
28,50,C
86,69,A
20,45,C
88,23,B
88,94,A
79,57,B
87,42,B
84,45,B
34,96,B
25,13,C
97,96,A
54,79,B
82,68,A
81,28,B
71,45,B
17,91,B
51,53,B
62,25,B
96,84,A
27,97,B
98,68,A
15,40,C
87,97,A
69,19,B
98,46,A
12,97,B
77,46,B
12,52,C
29,94,B
14,37,C
46,65,B
35,35,C
72,19,B
47,28,C
92,69,A
41,51,B
30,73,B
24,63,B
52,49,B
54,69,B
77,29,B
14,59,C
37,80,B
100,62,A
46,87,B
28,36,C
73,99,A
63,94,A
73,75,A
79,70,A
81,59,A
30,62,B
23,65,B
41,43,B
59,35,B
55,35,B
76,76,A
14,10,C
43,43,B
54,48,B
51,84,B
31,53,B
15,29,C
29,64,B
86,58,A
42,16,C
88,21,B
98,59,A
59,41,B
80,67,A
17,54,C
63,88,A
38,81,B
27,85,B
36,72,B
65,77,A
16,67,B
64,39,B
25,22,C
34,32,C
36,36,C
66,90,A
16,59,C
85,35,B
36,30,C
75,83,A
75,44,B
18,91,B
34,49,B
11,26,C
100,11,B
61,60,B
47,49,B
38,54,B
54,88,A
56,68,B
67,72,B
10,81,B
88,65,A
59,83,A
71,35,B
48,99,A
29,77,B
76,23,B
79,77,A
47,96,A
40,47,B
37,48,B
85,50,B
43,85,B
40,66,B
38,83,B
13,77,B
20,31,C
44,74,B
91,29,B
100,90,A
34,43,C
51,37,B
88,42,B
81,97,A
55,82,B
81,52,B
84,15,B
61,15,C
90,54,A
81,30,B
19,64,B
70,28,B
26,69,B
18,69,B
44,93,B
46,17,C
66,100,A
82,55,B
86,79,A
53,15,C
55,87,A
94,40,B
92,100,A
95,54,A
37,10,C
12,71,B
86,37,B
73,27,B
21,13,C
37,41,C
87,94,A
91,53,A
17,60,C
31,67,B
71,97,A
46,27,C
27,31,C
23,82,B
32,34,C
50,18,C
92,31,B
27,30,C
84,74,A
58,17,C
71,58,B
10,57,C
56,48,B
93,75,A
99,90,A
66,53,B
96,41,B
45,31,C
53,74,B
35,49,B
23,85,B
40,36,C
97,67,A
26,90,B
55,54,B
14,94,B
75,87,A
36,89,B
87,87,A
91,59,A
68,20,B
100,99,A
85,88,A
72,63,B
84,40,B
31,51,B
32,29,C
11,27,C
62,55,B
82,38,B
60,78,B
13,56,C
99,98,A
60,56,B
20,84,B
29,77,B
17,66,B
90,61,A
18,24,C
91,28,B
90,100,A
21,39,C
84,21,B
26,41,C
80,44,B
77,36,B
75,88,A
50,19,C
31,75,B
27,55,B
82,70,A
38,43,B
41,38,C
88,45,B
91,53,A
79,62,A
40,64,B
22,41,C
30,56,B
47,11,C
14,45,C
69,29,B
62,30,B
76,53,B
92,37,B
15,44,C
16,27,C
21,75,B
31,33,C
20,90,B
90,96,A
76,70,A
83,30,B
92,48,A
49,97,A
87,14,B
86,89,A
45,65,B
47,24,C
95,47,A
96,19,B
58,30,B
86,88,A
34,59,B
74,57,B
59,12,C
51,20,C
29,56,B
71,89,A
76,34,B
37,19,C
23,16,C
41,68,B
50,41,B
90,58,A
20,20,C
45,30,C
19,33,C
71,30,B
24,45,C
61,48,B
20,71,B
63,82,A
79,85,A
99,21,B
57,77,B
90,69,A
61,97,A
100,12,B
12,80,B
80,49,B
84,94,A
53,65,B
26,38,C
76,46,B
100,21,B
55,60,B
10,50,C
13,87,B
20,73,B
61,16,C
85,63,A
94,50,A
54,56,B
20,79,B
53,60,B
90,36,B
54,64,B
94,43,B
57,41,B
95,90,A
11,85,B
89,83,A
55,92,A
57,30,B
43,42,B
76,99,A
95,70,A
44,35,C
61,38,B
53,96,A
39,60,B
24,88,B
68,86,A
57,12,C
89,69,A
40,52,B
31,39,C
98,30,B
70,94,A
60,85,A
80,90,A
94,35,B
49,47,B
79,42,B
76,62,B
53,99,A
43,43,B
33,92,B
51,68,B
25,89,B
54,54,B
91,30,B
52,10,C
50,87,B
53,26,C
98,81,A
100,20,B
63,79,A
30,88,B
22,11,C
70,98,A
41,92,B
23,91,B
58,90,A
57,50,B
23,89,B
91,14,B
28,28,C
34,64,B
97,93,A
69,87,A
70,33,B
94,86,A
90,54,A
88,47,B
58,98,A
17,15,C
92,47,B
26,96,B
90,17,B
90,34,B
99,24,B
49,30,C
22,96,B
92,38,B
16,86,B
74,66,A
79,34,B
30,24,C
43,90,B
94,36,B
50,26,C
26,32,C
40,18,C
58,59,B
40,63,B
34,92,B
77,43,B
98,14,B
80,24,B
11,11,C
20,60,B
92,80,A
42,67,B
23,41,C
59,56,B
96,92,A
33,36,C
10,77,B
77,75,A
67,35,B
80,42,B
60,64,B
29,17,C
13,20,C
17,43,C
11,81,B
17,64,B
53,50,B
92,25,B
71,49,B
49,65,B
53,58,B
87,54,A
16,80,B
12,21,C
49,46,B
14,98,B
30,85,B
84,52,B
54,29,B
29,54,B
30,57,B
11,74,B
46,95,A
56,87,A
58,23,B
49,91,A
50,25,C
46,79,B
23,38,C
69,82,A
27,76,B
76,94,A
27,64,B
16,28,C
41,52,B
11,15,C
66,54,B
44,97,A
72,15,B
61,67,B
75,66,A
12,29,C
36,79,B
22,38,C
74,79,A
25,100,B
78,14,B
69,19,B
77,46,B
83,87,A
79,30,B
30,22,C
62,51,B
82,45,B
41,75,B
43,47,B
83,39,B
53,44,B
35,63,B
11,48,C
69,88,A
12,99,B
65,41,B
87,57,A
61,47,B
88,39,B
87,83,A
49,15,C
40,49,B
24,54,C
33,62,B
28,16,C
90,88,A
36,17,C
28,72,B
29,100,B
14,65,C
30,64,B
48,84,B
28,47,C
80,77,A
82,41,B
90,11,B
75,88,A
78,100,A
69,40,B
92,73,A
92,33,B
92,94,A
18,38,C
78,40,B
30,92,B
45,51,B
50,25,C
49,91,A
22,29,C
40,16,C
82,41,B
86,50,B
28,58,B
91,20,B
18,59,C
23,97,B
44,48,B
18,69,B
62,98,A
31,24,C
34,70,B
39,74,B
53,76,B
89,25,B
54,60,B
49,23,C
56,47,B
31,98,B
41,72,B
71,24,B
25,10,C
84,97,A
69,59,B
70,18,B
84,54,B
10,95,B
59,21,B
54,61,B
88,71,A
84,53,B
44,19,C
29,62,B
28,30,C
34,50,B
35,70,B
59,72,B
21,64,B
10,24,C
11,49,C
95,17,B
64,89,A
76,44,B
14,62,C
38,22,C
47,49,B
26,18,C
29,18,C
27,59,B
18,36,C
79,75,A
94,38,B
77,96,A
94,71,A
32,90,B
70,15,B
38,43,B
35,16,C
48,50,B
24,70,B
78,81,A
58,15,C
14,41,C
83,23,B
74,79,A
19,16,C
58,77,B
20,70,B
57,11,C
50,55,B
87,81,A
74,61,B
69,35,B
68,39,B
52,81,B
41,49,B
73,55,B
76,99,A
69,16,B
14,90,B
51,11,C
53,12,C
56,66,B
42,17,C
39,11,C
100,67,A
12,85,B
84,54,B
99,20,B
69,92,A
41,61,B
67,38,B
77,32,B
52,94,A
54,66,B
21,69,B
57,47,B
96,12,B
54,93,A
93,50,A
23,97,B
45,89,B
70,22,B
76,23,B
19,14,C
58,88,A
93,27,B
22,73,B
80,69,A
23,24,C
39,86,B
40,66,B
53,88,A
75,34,B
36,26,C
38,14,C
17,41,C
91,15,B
92,57,A
23,54,C
99,72,A
29,29,C
18,41,C
70,25,B
91,78,A
75,45,B
76,68,A
66,56,B
70,16,B
26,66,B
18,80,B
61,35,B
13,78,B
41,27,C
59,84,A
75,89,A
58,65,B
33,17,C
97,21,B
15,36,C
55,24,C
57,42,B
65,28,B
51,41,B
90,66,A
12,13,C
97,98,A
37,12,C
24,87,B
51,75,B
78,90,A
71,65,B
96,52,A
74,23,B
65,40,B
29,41,C
23,22,C
89,20,B
66,90,A
86,15,B
97,67,A
33,62,B
23,32,C
45,91,B
13,11,C
41,86,B
88,74,A
26,75,B
80,29,B
67,93,A
27,21,C
88,21,B
50,42,B
90,84,A
82,54,B
20,92,B
50,87,B
91,30,B
99,18,B
46,36,B
69,21,B
64,12,C
65,63,B
72,41,B
92,91,A
62,32,B
78,59,B
17,22,C
87,38,B
65,17,B
49,25,C
69,12,B
11,72,B
87,23,B
10,70,B
27,92,B
39,54,B
100,59,A
64,54,B
72,51,B
89,83,A
99,12,B
76,88,A
100,91,A
12,60,C
30,53,B
55,74,B
45,34,C
87,45,B
78,75,A
58,59,B
80,83,A
51,71,B
89,30,B
67,40,B
100,83,A
30,88,B
76,53,B
18,45,C
45,81,B
62,41,B
39,66,B
87,51,B
26,31,C
85,23,B
92,27,B
87,98,A
34,91,B
27,35,C
99,37,B
57,90,A
10,55,C
92,28,B
79,38,B
81,55,B
44,59,B
45,11,C
57,77,B
91,13,B
48,35,B
47,57,B
63,74,B
50,82,B
27,14,C
41,100,A
26,12,C
69,90,A
23,41,C
76,60,B
16,75,B
86,57,A
28,96,B
85,38,B
29,70,B
64,26,B
97,29,B
45,65,B
73,71,A
53,54,B
51,48,B
66,54,B
53,68,B
43,55,B
97,17,B
47,35,B
50,32,B
86,68,A
92,26,B
90,12,B
77,70,A
50,99,A
17,61,C
40,27,C
54,50,B
30,48,C
13,69,B
12,88,B
26,34,C
30,24,C
88,50,B
11,14,C
97,43,A
86,15,B
54,68,B
34,57,B
21,55,C
22,17,C
13,36,C
49,99,A
11,91,B
10,46,C
54,34,B
21,39,C
17,50,C
48,37,B
52,22,C
18,88,B
21,82,B
49,42,B
49,68,B
72,98,A
59,44,B
33,66,B
99,35,B
53,89,A
43,51,B
65,52,B
17,67,B
61,93,A
84,10,B
81,62,A
50,49,B
62,59,B
60,86,A
51,53,B
76,16,B
16,21,C
43,32,C
59,29,B
78,34,B
81,85,A
93,91,A
56,79,B
100,14,B
98,12,B
27,41,C
65,74,B
82,27,B
98,67,A
28,59,B
65,25,B
80,66,A
91,77,A
29,10,C
59,48,B
69,91,A
44,46,B
22,80,B
48,12,C
65,87,A
17,47,C
34,56,B
12,100,B
39,54,B
83,97,A
23,46,C
61,90,A
11,57,C
12,55,C
22,48,C
56,32,B
61,30,B
17,63,B
41,95,B
49,71,B
27,85,B
74,89,A
10,73,B
63,94,A
70,42,B
11,42,C
53,55,B
25,55,B
21,17,C
40,57,B
88,100,A
49,33,B
79,55,B
29,22,C
14,48,C
10,39,C
79,87,A
84,27,B
77,93,A
71,36,B
26,89,B
63,85,A
83,32,B
58,12,C
97,17,B
99,53,A
25,29,C
31,78,B
46,13,C
64,40,B
18,13,C
80,26,B
20,50,C
98,67,A
28,16,C
85,66,A
83,73,A
60,56,B
86,44,B
77,56,B
13,73,B
22,42,C
65,61,B
81,79,A
25,61,B
84,63,A
54,98,A
78,74,A
71,85,A
56,87,A
81,85,A
59,64,B
37,75,B
23,12,C
89,93,A
35,62,B
86,79,A
65,61,B
31,69,B
20,73,B
21,64,B
39,61,B
33,16,C
45,92,B
59,67,B
94,89,A
29,23,C
77,57,B
72,28,B
100,11,B
84,59,A
11,12,C
26,59,B
23,21,C
88,27,B
51,79,B
30,97,B
22,68,B
100,67,A
40,22,C
76,91,A
58,71,B
17,20,C
34,69,B
77,85,A
81,100,A
30,57,B
75,89,A
57,99,A
44,36,B
97,28,B
38,62,B
11,43,C
87,87,A
38,46,B
24,80,B
17,97,B
22,67,B
15,30,C
18,25,C
11,17,C
24,85,B
44,24,C
93,16,B
62,97,A
96,68,A
61,11,C
83,52,B
29,56,B
42,41,B
11,41,C
31,24,C
95,36,B
95,43,B
39,72,B
46,12,C
20,58,C
80,67,A
48,18,C
92,66,A
25,36,C
49,85,B
42,37,C
57,75,B
99,94,A
78,83,A
51,45,B
98,28,B
34,57,B
16,81,B
91,61,A
36,18,C
35,86,B
64,53,B
59,72,B
13,64,C
12,70,B
28,39,C
87,88,A
48,44,B
44,73,B
100,38,B
50,42,B
96,30,B
89,51,A
81,81,A
64,92,A
21,81,B
95,87,A
66,75,A
33,20,C
15,49,C
98,88,A
69,18,B
39,27,C
22,32,C
72,43,B
79,13,B
85,77,A
77,71,A
37,77,B
32,25,C
84,41,B
42,13,C
76,67,A
42,78,B
78,29,B
66,82,A
52,91,A
20,57,C
98,92,A
16,98,B
59,70,B
75,58,B
43,53,B
61,13,C
21,80,B
12,13,C
48,24,C
81,83,A
70,54,B
10,77,B
60,70,B
82,36,B
81,21,B
89,28,B
21,31,C
85,91,A
53,82,B
55,78,B
28,58,B
98,57,A
68,37,B
12,17,C
15,52,C
63,24,B
46,21,C
38,61,B
65,47,B
93,16,B
50,20,C
68,81,A
46,75,B
73,43,B
89,82,A
66,83,A
14,48,C
38,26,C
50,59,B
74,58,B
85,70,A
52,82,B
13,13,C
39,47,B
89,31,B
59,26,B
86,19,B
32,70,B
25,63,B
31,54,B
40,96,B
68,98,A
48,27,C
76,68,A
39,90,B
22,10,C
27,90,B
75,13,B
57,45,B
20,95,B
43,24,C
27,76,B
39,93,B
98,76,A
55,11,C
92,51,A
68,80,A
83,76,A
88,62,A
62,67,B
65,69,B
99,19,B
49,67,B
16,43,C
40,20,C
77,59,B
34,33,C
67,12,C
57,87,A
10,90,B
84,37,B
68,15,B
60,80,A
49,68,B
90,30,B
72,29,B
55,76,B
45,51,B
59,10,C
28,63,B
69,95,A
65,28,B
34,89,B
38,76,B
46,81,B
52,25,C
15,93,B
79,52,B
17,70,B
52,60,B
29,27,C
94,38,B
94,63,A
49,55,B
11,33,C
94,63,A
63,31,B
47,17,C
39,17,C
18,72,B
12,14,C
48,72,B
53,75,B
41,92,B
64,87,A
74,31,B
54,78,B
99,54,A
13,95,B
74,97,A
47,13,C
61,21,B
43,95,B
84,70,A
83,71,A
87,10,B
12,74,B
94,47,A
100,81,A
75,60,B
29,47,C
20,88,B
81,36,B
23,10,C
57,61,B
73,98,A
22,70,B
21,75,B
16,17,C
28,11,C
23,86,B
26,53,C
23,31,C
86,71,A
59,82,A
76,69,A
90,82,A
56,65,B
68,30,B
81,62,A
23,26,C
53,60,B
31,41,C
65,44,B
80,34,B
83,51,B
98,51,A
61,48,B
99,28,B
90,81,A
53,48,B
25,19,C
55,24,C
11,95,B
88,50,B
28,91,B
58,30,B
97,66,A
79,72,A
53,22,C
44,44,B
59,52,B
13,84,B
84,26,B
60,69,B
58,70,B
15,94,B
59,32,B
98,58,A
63,90,A
78,54,B
95,43,B
10,77,B
23,84,B
43,89,B
29,72,B
59,92,A
50,34,B
43,50,B
73,66,B
66,74,A
50,88,B
53,99,A
62,99,A
56,81,B
20,100,B
14,13,C
84,71,A
17,65,B
59,76,B
33,77,B
38,72,B
37,62,B
84,99,A
25,53,C
45,22,C
78,52,B
54,64,B
50,31,B
32,14,C
22,72,B
61,71,B
40,28,C
34,11,C
41,68,B
78,12,B
29,69,B
32,13,C
68,59,B
28,17,C
14,64,C
60,99,A
55,57,B
35,80,B
36,60,B
56,11,C
10,80,B
75,11,B
71,29,B
29,94,B
23,76,B
34,41,C
15,72,B
39,42,B
100,52,A
36,16,C
77,98,A
66,22,B
21,90,B
13,28,C
100,12,B
74,58,B
29,85,B
64,96,A
28,96,B
30,44,C
62,60,B
86,85,A
48,62,B
67,75,A
92,23,B
100,91,A
33,100,B
100,54,A
46,83,B
87,25,B
71,10,B
30,77,B
57,55,B
73,36,B
99,58,A
57,29,B
76,83,A
96,55,A
96,90,A
52,14,C
43,85,B
18,89,B
97,45,A
34,82,B
46,100,A
75,94,A
65,52,B
27,58,B
94,16,B
36,77,B
97,73,A
27,36,C
80,84,A
29,78,B
82,80,A
94,40,B
24,36,C
28,96,B
37,65,B
42,80,B
11,25,C
82,25,B
98,27,B
38,62,B
66,93,A
97,36,B
91,13,B
49,45,B
56,69,B
69,70,B
91,93,A
44,63,B
82,85,A
19,17,C
97,90,A
64,83,A
40,56,B
71,39,B
40,60,B
32,10,C
39,42,B
77,90,A
74,34,B
44,37,B
60,85,A
16,62,C
80,30,B
61,34,B
55,86,A
75,50,B
25,72,B
72,68,A
30,65,B
78,65,A
50,78,B
30,69,B
11,79,B
39,17,C
72,57,B
58,66,B
14,95,B
38,87,B
13,71,B
52,28,B
69,38,B
61,55,B
18,42,C
96,50,A
53,64,B
53,49,B
45,99,A
23,60,B
10,52,C
85,58,A
43,53,B
70,47,B
61,18,C
100,13,B
14,87,B
39,20,C
78,80,A
11,66,C
91,55,A
98,38,B
73,68,A
17,79,B
14,55,C
81,99,A
50,70,B
71,39,B
25,49,C
66,46,B
52,68,B
80,49,B
10,12,C
75,23,B
96,86,A
97,83,A
65,17,B
41,44,B
99,93,A
95,88,A
59,36,B
18,43,C
35,79,B
27,26,C
88,58,A
85,49,B
40,98,B
32,91,B
85,100,A
78,85,A
32,45,C
45,40,B
37,95,B
70,77,A
33,14,C
15,100,B
25,39,C
16,95,B
16,100,B
81,47,B
84,59,A
19,45,C
98,78,A
61,43,B
64,35,B
74,56,B
35,97,B
17,54,C
90,57,A
73,100,A
92,64,A
97,25,B
52,34,B
24,61,B
71,25,B
71,24,B
30,69,B
46,100,A
56,40,B
11,74,B
59,60,B
23,61,B
44,68,B
59,63,B
84,34,B
68,83,A
41,35,C
20,92,B
65,43,B
92,42,B
64,54,B
87,65,A
13,74,B
46,11,C
42,68,B
10,80,B
60,42,B
63,80,A
94,21,B
19,18,C
70,71,A
67,67,B
64,56,B
41,78,B
71,74,A
36,87,B
25,56,B
71,75,A
33,37,C
30,68,B
27,65,B
63,98,A
89,53,A
44,90,B
39,85,B
28,40,C
36,72,B
52,84,B
45,15,C
28,69,B
37,65,B
66,44,B
77,77,A
21,62,B
30,87,B
99,14,B
52,61,B
16,64,B
86,44,B
62,82,A
53,88,A
71,56,B
89,50,B
46,86,B
48,30,C
37,57,B
75,47,B
64,48,B
17,40,C
45,69,B
39,74,B
31,60,B
47,37,B
48,31,C
67,62,B
23,49,C
74,94,A
11,24,C
71,44,B
61,70,B
48,20,C
99,13,B
94,31,B
10,85,B
66,20,B
65,19,B
79,18,B
84,45,B
22,85,B
68,42,B
77,95,A
68,71,B
73,58,B
21,15,C
32,75,B
70,69,B
60,93,A
66,13,C
13,81,B
46,98,A
39,11,C
43,44,B
37,49,B
74,22,B
40,75,B
58,82,A
27,34,C
94,33,B
54,84,B
24,70,B
88,91,A
44,17,C
34,97,B
57,28,B
53,84,B
80,45,B
31,28,C
21,40,C
76,98,A
12,78,B
40,54,B
17,57,C
22,32,C
15,75,B
44,45,B
23,67,B
15,86,B
38,82,B
84,27,B
57,86,A
56,47,B
76,97,A
50,82,B
87,59,A
87,42,B
32,46,C
48,92,A
80,94,A
86,95,A
32,93,B
25,29,C
19,57,C
40,81,B
71,26,B
72,67,B
68,100,A
99,21,B
59,16,C
50,60,B
58,14,C
35,19,C
88,65,A
11,12,C
94,15,B
91,20,B
97,20,B
68,36,B
44,39,B
53,25,C
50,81,B
27,39,C
63,64,B
97,39,B
40,15,C
88,75,A
93,100,A
65,43,B
49,84,B
79,36,B
62,43,B
10,20,C
95,36,B
85,18,B
53,67,B
61,43,B
49,81,B
12,63,C
11,93,B
88,64,A
81,39,B
68,79,A
83,68,A
98,89,A
83,71,A
65,16,B
48,80,B
92,87,A
87,37,B
98,98,A
21,50,C
53,92,A
86,38,B
53,68,B
69,71,A
41,32,C
68,21,B
61,40,B
43,78,B
14,41,C
34,20,C
69,19,B
72,59,B
54,56,B
83,53,B
29,71,B
60,24,B
82,38,B
82,97,A
44,68,B
85,82,A
73,46,B
99,26,B
55,56,B
24,20,C
40,38,C
54,60,B
66,39,B
100,71,A
91,98,A
28,75,B
82,92,A
66,40,B
20,14,C
71,97,A
30,100,B
64,98,A
23,14,C
54,50,B
87,46,B
87,76,A
34,46,B
30,26,C
41,48,B
59,75,B
55,60,B
50,13,C
92,66,A
82,55,B
34,56,B
59,76,B
55,41,B
78,96,A
81,11,B
81,72,A
50,64,B
31,82,B
97,83,A
80,11,B
42,76,B
15,33,C
95,19,B
35,11,C
30,68,B
82,81,A
62,50,B
97,28,B
22,48,C
44,81,B
87,61,A
11,96,B
16,51,C
50,79,B
45,44,B
42,16,C
47,31,C
31,98,B
32,62,B
75,12,B
42,71,B
58,22,B
99,89,A
42,87,B
36,96,B
78,17,B
24,85,B
23,83,B
64,17,B
28,82,B
84,66,A
70,36,B
75,30,B
26,33,C
35,71,B
22,26,C
19,70,B
68,15,B
88,76,A
71,58,B
94,47,A
100,19,B
66,12,C
88,37,B
22,96,B
71,71,A
73,93,A
77,71,A
81,49,B
87,33,B
98,58,A
34,61,B
54,49,B
45,71,B
16,25,C
75,29,B
84,40,B
88,42,B
18,16,C
75,82,A
83,75,A
85,34,B
76,100,A
72,25,B
49,80,B
33,78,B
96,85,A
70,89,A
64,58,B
54,64,B
72,92,A
52,96,A
99,55,A
25,66,B
32,76,B
84,14,B
25,58,B
48,41,B
65,45,B
91,52,A
21,28,C
79,27,B
56,58,B
52,37,B
20,36,C
61,97,A
37,53,B
93,37,B
51,63,B
69,100,A
74,77,A
50,32,B
92,93,A
32,37,C
76,93,A
83,47,B
24,82,B
61,87,A
91,73,A
83,46,B
69,14,B
25,31,C
43,14,C
69,22,B
62,82,A
61,60,B
88,80,A
17,11,C
18,34,C
44,17,C
74,53,B
50,23,C
28,69,B
19,99,B
36,76,B
58,91,A
92,30,B
34,83,B
53,97,A
100,89,A
33,42,C
97,24,B
26,12,C
16,97,B
67,74,A
28,67,B
98,61,A
18,90,B
47,56,B
32,49,B
58,28,B
16,40,C
23,95,B
65,11,C
63,11,C
85,66,A
46,45,B
32,60,B
29,38,C
53,18,C
19,48,C
67,82,A
48,64,B
58,88,A
58,40,B
94,33,B
16,38,C
92,90,A
25,53,C
75,97,A
15,57,C
92,63,A
42,65,B
18,24,C
38,91,B
65,56,B
83,84,A
66,23,B
76,32,B
78,25,B
59,47,B
30,60,B
61,66,B
32,51,B
51,64,B
67,93,A
15,20,C
59,50,B
79,30,B
11,88,B
69,64,B
31,86,B
24,51,C
24,40,C
72,36,B
26,92,B
66,90,A
50,43,B
48,61,B
87,97,A
69,63,B
52,17,C
81,21,B
78,92,A
16,91,B
74,88,A
63,75,B
97,71,A
45,77,B
56,71,B
42,93,B
22,50,C
70,16,B
31,19,C
95,18,B
35,38,C
11,42,C
65,89,A
93,45,B
92,61,A
94,66,A
10,71,B
71,29,B
38,46,B
74,52,B
97,59,A
60,22,B
82,79,A
84,84,A
20,78,B
86,93,A
77,82,A
51,18,C
88,90,A
49,59,B
98,76,A
31,48,C
23,33,C
68,30,B
53,16,C
85,24,B
71,53,B
94,19,B
84,99,A
84,93,A
35,89,B
14,27,C
14,95,B
29,34,C
95,89,A
94,12,B
15,30,C
54,81,B
94,83,A
74,56,B
62,35,B
12,64,C
53,41,B
12,98,B
89,36,B
84,35,B
33,41,C
21,42,C
29,51,B
30,71,B
56,30,B
15,73,B
28,91,B
52,95,A
20,98,B
39,38,C
91,79,A
17,72,B
82,56,B
12,10,C
21,32,C
64,37,B
97,91,A
92,63,A
46,69,B
65,57,B
47,38,B
24,64,B
46,29,C
98,23,B
52,78,B
73,44,B
74,57,B
12,80,B
55,56,B
60,74,B
58,20,C
60,76,B
65,92,A
76,14,B
44,79,B
46,32,C
19,35,C
21,44,C
96,62,A
71,50,B
19,23,C
14,83,B
14,18,C
46,61,B
91,30,B
16,64,B
67,66,B
75,85,A
34,56,B
90,78,A
85,39,B
16,65,B
28,19,C
59,11,C
73,24,B
14,24,C
65,48,B
79,68,A
61,29,B
94,25,B
95,69,A
38,42,B
51,34,B
17,96,B
38,82,B
21,61,B
89,58,A
42,24,C
38,100,B
51,94,A
45,73,B
74,71,A
54,46,B
23,30,C
50,44,B
67,83,A
14,85,B
15,14,C
37,52,B
24,35,C
64,36,B
92,79,A
88,67,A
88,89,A
42,15,C
22,23,C
76,34,B
42,94,B
66,66,B
100,97,A
16,99,B
85,17,B
46,78,B
99,57,A
27,25,C
54,39,B
40,89,B
68,80,A
88,71,A
89,22,B
46,81,B
95,16,B
69,80,A
84,29,B
64,66,B
90,75,A
40,79,B
96,84,A
22,68,B
84,41,B
81,83,A
54,81,B
58,65,B
40,35,C
95,59,A
85,70,A
71,20,B
85,11,B
58,77,B
78,17,B
39,33,C
40,74,B
53,64,B
38,71,B
68,44,B
57,68,B
24,32,C
78,68,A
48,81,B
85,75,A
12,60,C
67,19,B
23,81,B
96,58,A
20,58,C
11,72,B
32,97,B
10,69,C
10,53,C
40,76,B
59,31,B
46,24,C
69,21,B
36,20,C
99,97,A
66,96,A
91,48,B
86,30,B
55,23,C
30,25,C
17,42,C
83,91,A
19,18,C
29,95,B
79,94,A
58,33,B
49,32,B
24,22,C
25,68,B
30,100,B
88,37,B
13,55,C
53,51,B
58,88,A
85,54,B
26,18,C
65,71,B
33,83,B
23,81,B
60,51,B
98,12,B
48,37,B
47,29,C
81,87,A
42,100,A
25,41,C
86,16,B
97,86,A
22,85,B
68,83,A
73,52,B
93,39,B
63,92,A
61,18,C
96,68,A
96,97,A
72,55,B
73,100,A
16,11,C
67,25,B
48,18,C
30,35,C
66,27,B
23,29,C
40,69,B
70,32,B
34,31,C
23,44,C
35,32,C
43,52,B
83,49,B
58,56,B
53,20,C
12,15,C
55,65,B
28,100,B
34,22,C
98,68,A
26,59,B
45,56,B
99,67,A
68,19,B
45,32,C
